00 (Fill in the Blanks)	00 	00 
00 (Fill in the Blanks)	00 	00 
00 (Fill in the Blanks)	00 	00 
00 (Fill in the Blanks)	00 	00 
00 (Fill in the Blanks)	00 	00 
00 (Fill in the Blanks)	00 	00 
00 (Fill in the Blanks)	00 	00 
00 (Fill in the Blanks)	00 	00 
00 (Fill in the Blanks)	00 	00 
00 (Fill in the Blanks)	00 	00 
00 (Fill in the Blanks)	00 	00 
00 (Fill in the Blanks)	00 	00 
00 (Fill in the Blanks)	00 	00 
00 (Fill in the Blanks)	00 	00 
00 (Fill in the Blanks)	00 	00 
00 (Fill in the Blanks)	00 	00 
00 (Fill in the Blanks)	00 	00 
00 (Fill in the Blanks)	00 	00 
00 (Fill in the Blanks)	00 	00 
00 (Fill in the Blanks)	00 	00 
00 (Fill in the Blanks)	00 	00 
00 (Fill in the Blanks)	00 	00 
00 (Fill in the Blanks)	00 	00 
00 (Fill in the Blanks)	00 	00 
00 (Fill in the Blanks)	00 	00 
00 (Fill in the Blanks)	00 	00 
00 (Fill in the Blanks)	00 	00 
00 (Fill in the Blanks)	00 	00 
00 (Fill in the Blanks)	00 	00 
00 (Fill in the Blanks)	00 	00 
00 (Fill in the Blanks)	00 	00 
00 (Fill in the Blanks)	00 	00 
00 (Fill in the Blanks)	00 	00 
00 (Fill in the Blanks)	00 	00 
00 (Fill in the Blanks)	00 	00 
00 (Fill in the Blanks)	00 	00 
00 (Fill in the Blanks)	00 	00 
00 (Fill in the Blanks)	00 	00 
00 (Fill in the Blanks)	00 	00 
00 (Fill in the Blanks)	00 	00 
00 (Fill in the Blanks)	00 	00 
00 (Fill in the Blanks)	00 	00 
00 (Fill in the Blanks)	00 	00 
00 (Fill in the Blanks)	00 	00 
00 (Fill in the Blanks)	00 	00 
00 (Fill in the Blanks)	00 	00 
00 (Fill in the Blanks)	00 	00 
00 (Fill in the Blanks)	00 	00 
00 (Fill in the Blanks)	00 	00 
00 (Fill in the Blanks)	00 	00 
00 (Fill in the Blanks)	00 	00 
00 (Fill in the Blanks)	00 	00 
00 (Fill in the Blanks)	00 	00 
00 (Fill in the Blanks)	00 	00 
00 (Fill in the Blanks)	00 	00 
00 (Fill in the Blanks)	00 	00 
00 (Fill in the Blanks)	00 	00 
00 (Fill in the Blanks)	00 	00 
00 (Fill in the Blanks)	00 	00 
00 (Fill in the Blanks)	00 	00 
00 (Fill in the Blanks)	00 	00 
00 (Fill in the Blanks)	00 	00 
00 (Fill in the Blanks)	00 	00 
00 (Fill in the Blanks)	00 	00 
00 (Fill in the Blanks)	00 	00 
00 (Fill in the Blanks)	00 	00 
00 (Fill in the Blanks)	00 	00 
00 (Fill in the Blanks)	00 	00 
00 (Fill in the Blanks)	00 	00 
Band Spring:15EB (15" End Bracket)	Band Spring:15EB 	15EB 
Band Spring:15EB (15" End Bracket)	Band Spring:15EB 	15EB 
Band Spring:15EB (15" End Bracket)	Band Spring:15EB 	15EB 
Band Spring:15EB (15" End Bracket)	Band Spring:15EB 	15EB 
Band Spring:15EB (15" End Bracket)	Band Spring:15EB 	15EB 
Band Spring:15EB (15" End Bracket)	Band Spring:15EB 	15EB 
Band Spring:15EB (15" End Bracket)	Band Spring:15EB 	15EB 
Band Spring:15EB (15" End Bracket)	Band Spring:15EB 	15EB 
Band Spring:BellBS (7" Bellmouth Stops)	Band Spring:BellBS 	BellBS 
Band Spring:BellBS (7" Bellmouth Stops)	Band Spring:BellBS 	BellBS 
Band Spring:BellBS (7" Bellmouth Stops)	Band Spring:BellBS 	BellBS 
Band Spring:BS-6011 (6011 Band Spring)	Band Spring:BS-6011 	BS-6011 
Band Spring:BS-Guides (Band Spring Door Guides)	Band Spring:BS-Guides 	BS-Guides 
Band Spring:BS-Guides (Band Spring Door Guides)	Band Spring:BS-Guides 	BS-Guides 
Band Spring:BS-Guides (Band Spring Door Guides)	Band Spring:BS-Guides 	BS-Guides 
Band Spring:BS-Guides (Band Spring Door Guides)	Band Spring:BS-Guides 	BS-Guides 
Band Spring:BS-Guides (Band Spring Door Guides)	Band Spring:BS-Guides 	BS-Guides 
Band Spring:BS-Guides (Band Spring Door Guides)	Band Spring:BS-Guides 	BS-Guides 
Band Spring:BS-Guides (Band Spring Door Guides)	Band Spring:BS-Guides 	BS-Guides 
Band Spring:BS-Guides (Band Spring Door Guides)	Band Spring:BS-Guides 	BS-Guides 
Band Spring:BS-Wall Angle (2" X 2" Galvanized and pre-punched for Guides)	Band Spring:BS-Wall Angle 	BS-Wall Angle 
Band Spring:BS-Wall Angle (2" X 2" Galvanized and pre-punched for Guides)	Band Spring:BS-Wall Angle 	BS-Wall Angle 
Band Spring:BS-Wall Angle (2" X 2" Galvanized and pre-punched for Guides)	Band Spring:BS-Wall Angle 	BS-Wall Angle 
Band Spring:BS-Wall Angle (2" X 2" Galvanized and pre-punched for Guides)	Band Spring:BS-Wall Angle 	BS-Wall Angle 
Band Spring:BS-Wall Angle (2" X 2" Galvanized and pre-punched for Guides)	Band Spring:BS-Wall Angle 	BS-Wall Angle 
Band Spring:BS-Wall Angle (2" X 2" Galvanized and pre-punched for Guides)	Band Spring:BS-Wall Angle 	BS-Wall Angle 
Band Spring:BSDMTCLIP (Mounting Clips for Band Spring Door)	Band Spring:BSDMTCLIP 	BSDMTCLIP 
Band Spring:BSDMTCLIP (Mounting Clips for Band Spring Door)	Band Spring:BSDMTCLIP 	BSDMTCLIP 
Band Spring:BSDMTCLIP (Mounting Clips for Band Spring Door)	Band Spring:BSDMTCLIP 	BSDMTCLIP 
Band Spring:BSDMTCLIP (Mounting Clips for Band Spring Door)	Band Spring:BSDMTCLIP 	BSDMTCLIP 
Band Spring:BSDMTCLIP (Mounting Clips for Band Spring Door)	Band Spring:BSDMTCLIP 	BSDMTCLIP 
Band Spring:BSDMTCLIP (Mounting Clips for Band Spring Door)	Band Spring:BSDMTCLIP 	BSDMTCLIP 
Band Spring:BSDMTCLIP (Mounting Clips for Band Spring Door)	Band Spring:BSDMTCLIP 	BSDMTCLIP 
Band Spring:SBC (Spring Box Clip, Reverse, "C")	Band Spring:SBC 	SBC 
Band Spring:SBS (Spring Box Clip, "S")	Band Spring:SBS 	SBS 
Band Spring:SBS (Spring Box Clip, "S")	Band Spring:SBS 	SBS 
Band Spring:Spring Box (8" Spring Box)	Band Spring:Spring Box 	Spring Box 
Band Spring:Spring Box (8" Spring Box)	Band Spring:Spring Box 	Spring Box 
Band Spring:Spring Box (8" Spring Box)	Band Spring:Spring Box 	Spring Box 
Band Spring:Spring Box (8" Spring Box)	Band Spring:Spring Box 	Spring Box 
Band Spring:Spring Box (8" Spring Box)	Band Spring:Spring Box 	Spring Box 
Band Spring:Spring Box (8" Spring Box)	Band Spring:Spring Box 	Spring Box 
Band Spring:Spring Box (8" Spring Box)	Band Spring:Spring Box 	Spring Box 
Band Spring	Band Spring	Band Spring
Band Spring	Band Spring	Band Spring
Band Spring	Band Spring	Band Spring
Band Spring	Band Spring	Band Spring
Band Spring	Band Spring	Band Spring
Band Spring	Band Spring	Band Spring
Band Spring	Band Spring	Band Spring
Band Spring	Band Spring	Band Spring
Electric:Chain:Chain#5050 (#50 Roller Chain, 5' Length)	Electric:Chain:Chain#5050 	Chain#5050 
Electric:Chain:HandChain (Hand Chain)	Electric:Chain:HandChain 	HandChain 
Electric:Control Stations:CS-1KX (Control Station, Keyed Open/Close, Exterior)	Electric:Control Stations:CS-1KX 	CS-1KX 
Electric:Control Stations	Electric:Control Stations	Control Stations
Electric:Control Stations	Electric:Control Stations	Control Stations
Electric:Misc:AirHose (Pneumatic Air Hose)	Electric:Misc:AirHose 	AirHose 
Electric:Misc:AirHose (Pneumatic Air Hose)	Electric:Misc:AirHose 	AirHose 
Electric:Misc:AirHose (Pneumatic Air Hose)	Electric:Misc:AirHose 	AirHose 
Electric:Misc:AW-14 (Air Wave 14 Safety edge switch in molded enclosure)	Electric:Misc:AW-14 	AW-14 
Electric:Misc:FOC (Front of Coil Motor Clip)	Electric:Misc:FOC 	FOC 
Electric:Misc:FOC (Front of Coil Motor Clip)	Electric:Misc:FOC 	FOC 
Electric:Misc:FOC (Front of Coil Motor Clip)	Electric:Misc:FOC 	FOC 
Electric:Misc:FOC (Front of Coil Motor Clip)	Electric:Misc:FOC 	FOC 
Electric:Misc:WMMBU (Wall Mount Motor Bracket)	Electric:Misc:WMMBU 	WMMBU 
Electric:Misc:WMMBU (Wall Mount Motor Bracket)	Electric:Misc:WMMBU 	WMMBU 
Electric:Misc	Electric:Misc	Misc
Electric:Misc	Electric:Misc	Misc
Electric:Misc	Electric:Misc	Misc
Electric:Misc	Electric:Misc	Misc
Electric:Misc	Electric:Misc	Misc
Electric:Misc	Electric:Misc	Misc
Electric:Misc	Electric:Misc	Misc
Electric:Misc	Electric:Misc	Misc
Electric:Motor Head	Electric:Motor Head	Motor Head
Electric:Motor Head	Electric:Motor Head	Motor Head
Electric:Motor Head	Electric:Motor Head	Motor Head
Electric:MT-22-Y (MT-22 Electric Safety Edge, Yellow)	Electric:MT-22-Y 	MT-22-Y 
Electric:MT-22-Y (MT-22 Electric Safety Edge, Yellow)	Electric:MT-22-Y 	MT-22-Y 
Electric:Operator Parts:Logic board 30 (Logic Board Version 3.0)	Electric:Operator Parts:Logic board 30 	Logic board 30 
Electric:Operator Parts:Logic board 30 (Logic Board Version 3.0)	Electric:Operator Parts:Logic board 30 	Logic board 30 
Electric:Operator Parts:Logic board 30 (Logic Board Version 3.0)	Electric:Operator Parts:Logic board 30 	Logic board 30 
Electric:Operator Parts:Logic board 30 (Logic Board Version 3.0)	Electric:Operator Parts:Logic board 30 	Logic board 30 
Electric:Operator Parts:Logic board 30 (Logic Board Version 3.0)	Electric:Operator Parts:Logic board 30 	Logic board 30 
Electric:Operator Parts:Logic board 30 (Logic Board Version 3.0)	Electric:Operator Parts:Logic board 30 	Logic board 30 
Electric:Operator Parts:Transformer-1 (Transformer, Single Phase)	Electric:Operator Parts:Transformer-1 	Transformer-1 
Electric:Operator Parts:Transformer-3 (Transformer, 3 Phase)	Electric:Operator Parts:Transformer-3 	Transformer-3 
Electric:Operator Parts:Transformer-3 (Transformer, 3 Phase)	Electric:Operator Parts:Transformer-3 	Transformer-3 
Electric:Operator Parts:TrollyArm (Trolly Arm Assembly (Both Parts))	Electric:Operator Parts:TrollyArm (Trolly Arm Assembly 	TrollyArm (Trolly Arm Assembly 
Electric:Operator Parts	Electric:Operator Parts	Operator Parts
Electric:Operator Parts	Electric:Operator Parts	Operator Parts
Electric:Operator Parts	Electric:Operator Parts	Operator Parts
Electric:Operator Parts	Electric:Operator Parts	Operator Parts
Electric:Operator Parts	Electric:Operator Parts	Operator Parts
Electric:Operator Parts	Electric:Operator Parts	Operator Parts
Electric:Operator Parts	Electric:Operator Parts	Operator Parts
Electric:Operator Parts	Electric:Operator Parts	Operator Parts
Electric:Operator Parts	Electric:Operator Parts	Operator Parts
Electric:Operator Parts	Electric:Operator Parts	Operator Parts
Electric:Operator Parts	Electric:Operator Parts	Operator Parts
Electric:Operator Parts	Electric:Operator Parts	Operator Parts
Electric:Operator Parts	Electric:Operator Parts	Operator Parts
Electric:Operator Parts	Electric:Operator Parts	Operator Parts
Electric:Operator Parts	Electric:Operator Parts	Operator Parts
Electric:Operator Parts	Electric:Operator Parts	Operator Parts
Electric:Operator Parts	Electric:Operator Parts	Operator Parts
Electric:Operator Parts	Electric:Operator Parts	Operator Parts
Electric:Operator Parts	Electric:Operator Parts	Operator Parts
Electric:Operator Parts	Electric:Operator Parts	Operator Parts
Electric:Operator Parts	Electric:Operator Parts	Operator Parts
Electric:Operator Parts	Electric:Operator Parts	Operator Parts
Electric:Operator Parts	Electric:Operator Parts	Operator Parts
Electric:Operator Parts	Electric:Operator Parts	Operator Parts
Electric:Operator Parts	Electric:Operator Parts	Operator Parts
Electric:Operator Parts	Electric:Operator Parts	Operator Parts
Electric:Operator Parts	Electric:Operator Parts	Operator Parts
Electric:Operator Parts	Electric:Operator Parts	Operator Parts
Electric:Operator Parts	Electric:Operator Parts	Operator Parts
Electric:Operator Parts	Electric:Operator Parts	Operator Parts
Electric:Operator Parts	Electric:Operator Parts	Operator Parts
Electric:Operator Parts	Electric:Operator Parts	Operator Parts
Electric:Operator Parts	Electric:Operator Parts	Operator Parts
Electric:Operator Parts	Electric:Operator Parts	Operator Parts
Electric:Operator Parts	Electric:Operator Parts	Operator Parts
Electric:Operator Parts	Electric:Operator Parts	Operator Parts
Electric:Operator Parts	Electric:Operator Parts	Operator Parts
Electric:Operator Parts	Electric:Operator Parts	Operator Parts
Electric:Operator Parts	Electric:Operator Parts	Operator Parts
Electric:Operator Parts	Electric:Operator Parts	Operator Parts
Electric:Operators:BH501L5R (Brake Hoist Operator, 1/2hp, 115/230v, 1 phase...S/N:)	Electric:Operators:BH501L5R 	BH501L5R 
Electric:Operators:GH101L5 (Gearhead Operator, 1hp, 115 v / 230v, 1 phase..S/N:)	Electric:Operators:GH101L5 	GH101L5 
Electric:Operators:GH101L5 (Gearhead Operator, 1hp, 115 v / 230v, 1 phase..S/N:)	Electric:Operators:GH101L5 	GH101L5 
Electric:Operators:GH101L5 (Gearhead Operator, 1hp, 115 v / 230v, 1 phase..S/N:)	Electric:Operators:GH101L5 	GH101L5 
Electric:Operators:GH101L5 (Gearhead Operator, 1hp, 115 v / 230v, 1 phase..S/N:)	Electric:Operators:GH101L5 	GH101L5 
Electric:Operators:GH101L5 (Gearhead Operator, 1hp, 115 v / 230v, 1 phase..S/N:)	Electric:Operators:GH101L5 	GH101L5 
Electric:Operators:GH101L5 (Gearhead Operator, 1hp, 115 v / 230v, 1 phase..S/N:)	Electric:Operators:GH101L5 	GH101L5 
Electric:Operators:GH101L5 (Gearhead Operator, 1hp, 115 v / 230v, 1 phase..S/N:)	Electric:Operators:GH101L5 	GH101L5 
Electric:Operators:GH101L5 (Gearhead Operator, 1hp, 115 v / 230v, 1 phase..S/N:)	Electric:Operators:GH101L5 	GH101L5 
Electric:Operators:GH101L5 (Gearhead Operator, 1hp, 115 v / 230v, 1 phase..S/N:)	Electric:Operators:GH101L5 	GH101L5 
Electric:Operators:GH1023L5 (Gearhead Operator, 1hp, 208/230 v, 3 phase..S/N:)	Electric:Operators:GH1023L5 	GH1023L5 
Electric:Operators:GH1023L5 (Gearhead Operator, 1hp, 208/230 v, 3 phase..S/N:)	Electric:Operators:GH1023L5 	GH1023L5 
Electric:Operators:GH103L5 (Gearhead Operator, 1hp, 208v / 230v / 460v, 3 phase..S/N:)	Electric:Operators:GH103L5 	GH103L5 
Electric:Operators:GH103L5 (Gearhead Operator, 1hp, 208v / 230v / 460v, 3 phase..S/N:)	Electric:Operators:GH103L5 	GH103L5 
Electric:Operators:GH103L5 (Gearhead Operator, 1hp, 208v / 230v / 460v, 3 phase..S/N:)	Electric:Operators:GH103L5 	GH103L5 
Electric:Operators:GH103L5 (Gearhead Operator, 1hp, 208v / 230v / 460v, 3 phase..S/N:)	Electric:Operators:GH103L5 	GH103L5 
Electric:Operators:GH103L5 (Gearhead Operator, 1hp, 208v / 230v / 460v, 3 phase..S/N:)	Electric:Operators:GH103L5 	GH103L5 
Electric:Operators:GH103L5 (Gearhead Operator, 1hp, 208v / 230v / 460v, 3 phase..S/N:)	Electric:Operators:GH103L5 	GH103L5 
Electric:Operators:GH103L5 (Gearhead Operator, 1hp, 208v / 230v / 460v, 3 phase..S/N:)	Electric:Operators:GH103L5 	GH103L5 
Electric:Operators:GH103L5 (Gearhead Operator, 1hp, 208v / 230v / 460v, 3 phase..S/N:)	Electric:Operators:GH103L5 	GH103L5 
Electric:Operators:GH103L5 (Gearhead Operator, 1hp, 208v / 230v / 460v, 3 phase..S/N:)	Electric:Operators:GH103L5 	GH103L5 
Electric:Operators:GH103L5 (Gearhead Operator, 1hp, 208v / 230v / 460v, 3 phase..S/N:)	Electric:Operators:GH103L5 	GH103L5 
Electric:Operators:GH103L5 (Gearhead Operator, 1hp, 208v / 230v / 460v, 3 phase..S/N:)	Electric:Operators:GH103L5 	GH103L5 
Electric:Operators:GH103L5 (Gearhead Operator, 1hp, 208v / 230v / 460v, 3 phase..S/N:)	Electric:Operators:GH103L5 	GH103L5 
Electric:Operators:GH103L5 (Gearhead Operator, 1hp, 208v / 230v / 460v, 3 phase..S/N:)	Electric:Operators:GH103L5 	GH103L5 
Electric:Operators:GH203L5 (Gearhead Operator, 2hp, 208v / 230v 460v, 3ph..S/N:)	Electric:Operators:GH203L5 	GH203L5 
Electric:Operators:GH203L5 (Gearhead Operator, 2hp, 208v / 230v 460v, 3ph..S/N:)	Electric:Operators:GH203L5 	GH203L5 
Electric:Operators:GH203L5 (Gearhead Operator, 2hp, 208v / 230v 460v, 3ph..S/N:)	Electric:Operators:GH203L5 	GH203L5 
Electric:Operators:GH501L5 (Gearhead Operator, 1/2 hp, 115v / 230v, 1 phase..S/N:)	Electric:Operators:GH501L5 	GH501L5 
Electric:Operators:GH501L5 (Gearhead Operator, 1/2 hp, 115v / 230v, 1 phase..S/N:)	Electric:Operators:GH501L5 	GH501L5 
Electric:Operators:GH501L5 (Gearhead Operator, 1/2 hp, 115v / 230v, 1 phase..S/N:)	Electric:Operators:GH501L5 	GH501L5 
Electric:Operators:GH501L5 (Gearhead Operator, 1/2 hp, 115v / 230v, 1 phase..S/N:)	Electric:Operators:GH501L5 	GH501L5 
Electric:Operators:GH501L5 (Gearhead Operator, 1/2 hp, 115v / 230v, 1 phase..S/N:)	Electric:Operators:GH501L5 	GH501L5 
Electric:Operators:GH501L5 (Gearhead Operator, 1/2 hp, 115v / 230v, 1 phase..S/N:)	Electric:Operators:GH501L5 	GH501L5 
Electric:Operators:GH501L5 (Gearhead Operator, 1/2 hp, 115v / 230v, 1 phase..S/N:)	Electric:Operators:GH501L5 	GH501L5 
Electric:Operators:GH501L5 (Gearhead Operator, 1/2 hp, 115v / 230v, 1 phase..S/N:)	Electric:Operators:GH501L5 	GH501L5 
Electric:Operators:GH501L5 (Gearhead Operator, 1/2 hp, 115v / 230v, 1 phase..S/N:)	Electric:Operators:GH501L5 	GH501L5 
Electric:Operators:GH501L5 (Gearhead Operator, 1/2 hp, 115v / 230v, 1 phase..S/N:)	Electric:Operators:GH501L5 	GH501L5 
Electric:Operators:GH501L5 (Gearhead Operator, 1/2 hp, 115v / 230v, 1 phase..S/N:)	Electric:Operators:GH501L5 	GH501L5 
Electric:Operators:GH501L5 (Gearhead Operator, 1/2 hp, 115v / 230v, 1 phase..S/N:)	Electric:Operators:GH501L5 	GH501L5 
Electric:Operators:GH501L5 (Gearhead Operator, 1/2 hp, 115v / 230v, 1 phase..S/N:)	Electric:Operators:GH501L5 	GH501L5 
Electric:Operators:GH501L5 (Gearhead Operator, 1/2 hp, 115v / 230v, 1 phase..S/N:)	Electric:Operators:GH501L5 	GH501L5 
Electric:Operators:GH501L5 (Gearhead Operator, 1/2 hp, 115v / 230v, 1 phase..S/N:)	Electric:Operators:GH501L5 	GH501L5 
Electric:Operators:GH501L5 (Gearhead Operator, 1/2 hp, 115v / 230v, 1 phase..S/N:)	Electric:Operators:GH501L5 	GH501L5 
Electric:Operators:GH501L5 (Gearhead Operator, 1/2 hp, 115v / 230v, 1 phase..S/N:)	Electric:Operators:GH501L5 	GH501L5 
Electric:Operators:GH501L5 (Gearhead Operator, 1/2 hp, 115v / 230v, 1 phase..S/N:)	Electric:Operators:GH501L5 	GH501L5 
Electric:Operators:GH501L5 (Gearhead Operator, 1/2 hp, 115v / 230v, 1 phase..S/N:)	Electric:Operators:GH501L5 	GH501L5 
Electric:Operators:GH501L5 (Gearhead Operator, 1/2 hp, 115v / 230v, 1 phase..S/N:)	Electric:Operators:GH501L5 	GH501L5 
Electric:Operators:GH501L5 (Gearhead Operator, 1/2 hp, 115v / 230v, 1 phase..S/N:)	Electric:Operators:GH501L5 	GH501L5 
Electric:Operators:GH501L5 (Gearhead Operator, 1/2 hp, 115v / 230v, 1 phase..S/N:)	Electric:Operators:GH501L5 	GH501L5 
Electric:Operators:GH501L5 (Gearhead Operator, 1/2 hp, 115v / 230v, 1 phase..S/N:)	Electric:Operators:GH501L5 	GH501L5 
Electric:Operators:GH503L5 (Gearhead Operator, 1/2 hp, 208v / 230v/ 460v, 3 phase..S/N:)	Electric:Operators:GH503L5 	GH503L5 
Electric:Operators:GH503L5 (Gearhead Operator, 1/2 hp, 208v / 230v/ 460v, 3 phase..S/N:)	Electric:Operators:GH503L5 	GH503L5 
Electric:Operators:GH503L5 (Gearhead Operator, 1/2 hp, 208v / 230v/ 460v, 3 phase..S/N:)	Electric:Operators:GH503L5 	GH503L5 
Electric:Operators:GH503L5 (Gearhead Operator, 1/2 hp, 208v / 230v/ 460v, 3 phase..S/N:)	Electric:Operators:GH503L5 	GH503L5 
Electric:Operators:GH503L5 (Gearhead Operator, 1/2 hp, 208v / 230v/ 460v, 3 phase..S/N:)	Electric:Operators:GH503L5 	GH503L5 
Electric:Operators:GH503L5 (Gearhead Operator, 1/2 hp, 208v / 230v/ 460v, 3 phase..S/N:)	Electric:Operators:GH503L5 	GH503L5 
Electric:Operators:GH503L5 (Gearhead Operator, 1/2 hp, 208v / 230v/ 460v, 3 phase..S/N:)	Electric:Operators:GH503L5 	GH503L5 
Electric:Operators:GH503L5 (Gearhead Operator, 1/2 hp, 208v / 230v/ 460v, 3 phase..S/N:)	Electric:Operators:GH503L5 	GH503L5 
Electric:Operators:GH503L5 (Gearhead Operator, 1/2 hp, 208v / 230v/ 460v, 3 phase..S/N:)	Electric:Operators:GH503L5 	GH503L5 
Electric:Operators:GH503L5 (Gearhead Operator, 1/2 hp, 208v / 230v/ 460v, 3 phase..S/N:)	Electric:Operators:GH503L5 	GH503L5 
Electric:Operators:GH503L5 (Gearhead Operator, 1/2 hp, 208v / 230v/ 460v, 3 phase..S/N:)	Electric:Operators:GH503L5 	GH503L5 
Electric:Operators:H-31-T-16 (Hoist - Belt Operator, 1/3 hp, 115v, 1 phase..S/N:)	Electric:Operators:H-31-T-16 	H-31-T-16 
Electric:Operators:H501L5 (Hoist - Belt Operator, 1/2 hp, 115v, 1 phase..S/N:)	Electric:Operators:H501L5 	H501L5 
Electric:Operators:H501L5 (Hoist - Belt Operator, 1/2 hp, 115v, 1 phase..S/N:)	Electric:Operators:H501L5 	H501L5 
Electric:Operators:H501L5 (Hoist - Belt Operator, 1/2 hp, 115v, 1 phase..S/N:)	Electric:Operators:H501L5 	H501L5 
Electric:Operators:H501L5 (Hoist - Belt Operator, 1/2 hp, 115v, 1 phase..S/N:)	Electric:Operators:H501L5 	H501L5 
Electric:Operators:H501L5 (Hoist - Belt Operator, 1/2 hp, 115v, 1 phase..S/N:)	Electric:Operators:H501L5 	H501L5 
Electric:Operators:H501L5 (Hoist - Belt Operator, 1/2 hp, 115v, 1 phase..S/N:)	Electric:Operators:H501L5 	H501L5 
Electric:Operators:H501L5 (Hoist - Belt Operator, 1/2 hp, 115v, 1 phase..S/N:)	Electric:Operators:H501L5 	H501L5 
Electric:Operators:H501L5 (Hoist - Belt Operator, 1/2 hp, 115v, 1 phase..S/N:)	Electric:Operators:H501L5 	H501L5 
Electric:Operators:H501L5 (Hoist - Belt Operator, 1/2 hp, 115v, 1 phase..S/N:)	Electric:Operators:H501L5 	H501L5 
Electric:Operators:H501L5 (Hoist - Belt Operator, 1/2 hp, 115v, 1 phase..S/N:)	Electric:Operators:H501L5 	H501L5 
Electric:Operators:H501L5 (Hoist - Belt Operator, 1/2 hp, 115v, 1 phase..S/N:)	Electric:Operators:H501L5 	H501L5 
Electric:Operators:H501L5 (Hoist - Belt Operator, 1/2 hp, 115v, 1 phase..S/N:)	Electric:Operators:H501L5 	H501L5 
Electric:Operators:H501L5 (Hoist - Belt Operator, 1/2 hp, 115v, 1 phase..S/N:)	Electric:Operators:H501L5 	H501L5 
Electric:Operators:H501L5 (Hoist - Belt Operator, 1/2 hp, 115v, 1 phase..S/N:)	Electric:Operators:H501L5 	H501L5 
Electric:Operators:H501L5 (Hoist - Belt Operator, 1/2 hp, 115v, 1 phase..S/N:)	Electric:Operators:H501L5 	H501L5 
Electric:Operators:H501L5 (Hoist - Belt Operator, 1/2 hp, 115v, 1 phase..S/N:)	Electric:Operators:H501L5 	H501L5 
Electric:Operators:H501L5 (Hoist - Belt Operator, 1/2 hp, 115v, 1 phase..S/N:)	Electric:Operators:H501L5 	H501L5 
Electric:Operators:H503L5 (Hoist - Belt Operator, 1/2 hp, 208v, 230v, 460v, 3 phase..S/N:)	Electric:Operators:H503L5 	H503L5 
Electric:Operators:H503L5 (Hoist - Belt Operator, 1/2 hp, 208v, 230v, 460v, 3 phase..S/N:)	Electric:Operators:H503L5 	H503L5 
Electric:Operators:H503L5 (Hoist - Belt Operator, 1/2 hp, 208v, 230v, 460v, 3 phase..S/N:)	Electric:Operators:H503L5 	H503L5 
Electric:Operators:H503L5 (Hoist - Belt Operator, 1/2 hp, 208v, 230v, 460v, 3 phase..S/N:)	Electric:Operators:H503L5 	H503L5 
Electric:Operators:H503L5 (Hoist - Belt Operator, 1/2 hp, 208v, 230v, 460v, 3 phase..S/N:)	Electric:Operators:H503L5 	H503L5 
Electric:Operators:H503L5 (Hoist - Belt Operator, 1/2 hp, 208v, 230v, 460v, 3 phase..S/N:)	Electric:Operators:H503L5 	H503L5 
Electric:Operators:H503L5 (Hoist - Belt Operator, 1/2 hp, 208v, 230v, 460v, 3 phase..S/N:)	Electric:Operators:H503L5 	H503L5 
Electric:Operators:H503L5 (Hoist - Belt Operator, 1/2 hp, 208v, 230v, 460v, 3 phase..S/N:)	Electric:Operators:H503L5 	H503L5 
Electric:Operators:H503L5 (Hoist - Belt Operator, 1/2 hp, 208v, 230v, 460v, 3 phase..S/N:)	Electric:Operators:H503L5 	H503L5 
Electric:Operators:H503L5 (Hoist - Belt Operator, 1/2 hp, 208v, 230v, 460v, 3 phase..S/N:)	Electric:Operators:H503L5 	H503L5 
Electric:Operators:H503L5 (Hoist - Belt Operator, 1/2 hp, 208v, 230v, 460v, 3 phase..S/N:)	Electric:Operators:H503L5 	H503L5 
Electric:Operators	Electric:Operators	Operators
Electric:Operators	Electric:Operators	Operators
Electric:Operators	Electric:Operators	Operators
Electric:Operators	Electric:Operators	Operators
Electric:Operators	Electric:Operators	Operators
Electric:Operators	Electric:Operators	Operators
Electric:Operators	Electric:Operators	Operators
Electric:Operators	Electric:Operators	Operators
Electric:Operators	Electric:Operators	Operators
Electric:Operators	Electric:Operators	Operators
Electric:Operators	Electric:Operators	Operators
Electric:Operators	Electric:Operators	Operators
Electric:Operators	Electric:Operators	Operators
Electric:Operators	Electric:Operators	Operators
Electric:Operators	Electric:Operators	Operators
Electric:Operators	Electric:Operators	Operators
Electric:Operators	Electric:Operators	Operators
Electric:Operators	Electric:Operators	Operators
Electric:Operators	Electric:Operators	Operators
Electric:Operators	Electric:Operators	Operators
Electric:Operators	Electric:Operators	Operators
Electric:Remote Controls	Electric:Remote Controls	Remote Controls
Electric:Remote Controls	Electric:Remote Controls	Remote Controls
Electric:Remote Controls	Electric:Remote Controls	Remote Controls
Electric:Sprockets:50B42-11 (50 B 42 x 1-1/4" x 1/4" & 3/8", Sprocket)	Electric:Sprockets:50B42-11 	50B42-11 
Electric:Sprockets:50B42-11 (50 B 42 x 1-1/4" x 1/4" & 3/8", Sprocket)	Electric:Sprockets:50B42-11 	50B42-11 
Electric:Sprockets:50B42-11 (50 B 42 x 1-1/4" x 1/4" & 3/8", Sprocket)	Electric:Sprockets:50B42-11 	50B42-11 
Electric:Sprockets:50B42-11 (50 B 42 x 1-1/4" x 1/4" & 3/8", Sprocket)	Electric:Sprockets:50B42-11 	50B42-11 
Electric:Sprockets:50B42-11 (50 B 42 x 1-1/4" x 1/4" & 3/8", Sprocket)	Electric:Sprockets:50B42-11 	50B42-11 
Electric:Sprockets:50B42-11 (50 B 42 x 1-1/4" x 1/4" & 3/8", Sprocket)	Electric:Sprockets:50B42-11 	50B42-11 
Electric:Sprockets:50B42-11 (50 B 42 x 1-1/4" x 1/4" & 3/8", Sprocket)	Electric:Sprockets:50B42-11 	50B42-11 
Electric:Sprockets:50B42-11 (50 B 42 x 1-1/4" x 1/4" & 3/8", Sprocket)	Electric:Sprockets:50B42-11 	50B42-11 
Electric:Sprockets:50B42-11 (50 B 42 x 1-1/4" x 1/4" & 3/8", Sprocket)	Electric:Sprockets:50B42-11 	50B42-11 
Electric:Sprockets:50B42-11 (50 B 42 x 1-1/4" x 1/4" & 3/8", Sprocket)	Electric:Sprockets:50B42-11 	50B42-11 
Electric:Sprockets:50B42-11 (50 B 42 x 1-1/4" x 1/4" & 3/8", Sprocket)	Electric:Sprockets:50B42-11 	50B42-11 
Electric	Electric	Electric
Electric	Electric	Electric
Hardwares:CRC:03020 (Knock'er Loose - Penetrating Lubricant/Solvent..16 oz. Aerosol)	Hardwares:CRC:03020 	03020 
Hardwares:CRC:03045 (Power Lube with Teflon, 16oz Aerosol)	Hardwares:CRC:03045 	03045 
Hardwares:CRC:SL3317 (Lithium General Purpose Grease, 120lb Keg.)	Hardwares:CRC:SL3317 	SL3317 
Hardwares:CRC:SL3317 (Lithium General Purpose Grease, 120lb Keg.)	Hardwares:CRC:SL3317 	SL3317 
Hardwares:CRC:SL3317 (Lithium General Purpose Grease, 120lb Keg.)	Hardwares:CRC:SL3317 	SL3317 
Hardwares:CRC:SL3317 (Lithium General Purpose Grease, 120lb Keg.)	Hardwares:CRC:SL3317 	SL3317 
Hardwares:CRC:SL3317 (Lithium General Purpose Grease, 120lb Keg.)	Hardwares:CRC:SL3317 	SL3317 
Hardwares:CRC	Hardwares:CRC	CRC
Hardwares:Drill Bits:DBKFD11/32 (11/32" Drill Bit, KFD Series)	Hardwares:Drill Bits:DBKFD11/32 	DBKFD11/32 
Hardwares:Drill Bits:DBKFD11/32 (11/32" Drill Bit, KFD Series)	Hardwares:Drill Bits:DBKFD11/32 	DBKFD11/32 
Hardwares:Drill Bits:DBKFD13/64 (13/64" Drill Bit, KFD Series)	Hardwares:Drill Bits:DBKFD13/64 	DBKFD13/64 
Hardwares:Drill Bits:DBKFD13/64 (13/64" Drill Bit, KFD Series)	Hardwares:Drill Bits:DBKFD13/64 	DBKFD13/64 
Hardwares:Drill Bits:DBKFD3/8 (3/8" Drill Bit, KFD Series)	Hardwares:Drill Bits:DBKFD3/8 	DBKFD3/8 
Hardwares:Drill Bits:DBKFD9/32 (9/32" Drill Bit, KFD Series)	Hardwares:Drill Bits:DBKFD9/32 	DBKFD9/32 
Hardwares:Fasteners:Bolts:BHX3810 (3/8"-16 x 1" Hex Head Tap Bolt, Grade 2)	Hardwares:Fasteners:Bolts:BHX3810 	BHX3810 
Hardwares:Fasteners:Bolts:BHX3810 (3/8"-16 x 1" Hex Head Tap Bolt, Grade 2)	Hardwares:Fasteners:Bolts:BHX3810 	BHX3810 
Hardwares:Fasteners:Bolts:BHX3810 (3/8"-16 x 1" Hex Head Tap Bolt, Grade 2)	Hardwares:Fasteners:Bolts:BHX3810 	BHX3810 
Hardwares:Fasteners:Bolts:BHX3810 (3/8"-16 x 1" Hex Head Tap Bolt, Grade 2)	Hardwares:Fasteners:Bolts:BHX3810 	BHX3810 
Hardwares:Fasteners:Bolts:BHX3810 (3/8"-16 x 1" Hex Head Tap Bolt, Grade 2)	Hardwares:Fasteners:Bolts:BHX3810 	BHX3810 
Hardwares:Fasteners:Bolts:BHX3810 (3/8"-16 x 1" Hex Head Tap Bolt, Grade 2)	Hardwares:Fasteners:Bolts:BHX3810 	BHX3810 
Hardwares:Fasteners:Bolts:BHX3810 (3/8"-16 x 1" Hex Head Tap Bolt, Grade 2)	Hardwares:Fasteners:Bolts:BHX3810 	BHX3810 
Hardwares:Fasteners:Bolts	Hardwares:Fasteners:Bolts	Bolts
Hardwares:Fasteners:Bolts	Hardwares:Fasteners:Bolts	Bolts
Hardwares:Fasteners:Nuts:NHW12 (1/2" - 13 Hex Nut, Flanges & Serrated)	Hardwares:Fasteners:Nuts:NHW12 	NHW12 
Hardwares:Fasteners:Screws	Hardwares:Fasteners:Screws	Screws
Hardwares:Misc:BSS66 (3/16" - 66 Rivet)	Hardwares:Misc:BSS66 	BSS66 
Hardwares:Misc:BSS66 (3/16" - 66 Rivet)	Hardwares:Misc:BSS66 	BSS66 
Hardwares:Misc:BSS66 (3/16" - 66 Rivet)	Hardwares:Misc:BSS66 	BSS66 
Hardwares:Misc:BSS66 (3/16" - 66 Rivet)	Hardwares:Misc:BSS66 	BSS66 
Hardwares:Misc:BSS66 (3/16" - 66 Rivet)	Hardwares:Misc:BSS66 	BSS66 
Hardwares:Misc:Collar10 (1" Shaft Collar)	Hardwares:Misc:Collar10 	Collar10 
Hardwares:Misc:Collar11 (1-1/4" Shaft Collar)	Hardwares:Misc:Collar11 	Collar11 
Hardwares:Misc:Collar11 (1-1/4" Shaft Collar)	Hardwares:Misc:Collar11 	Collar11 
Hardwares:Misc:Collar11 (1-1/4" Shaft Collar)	Hardwares:Misc:Collar11 	Collar11 
Hardwares:Misc:Collar11 (1-1/4" Shaft Collar)	Hardwares:Misc:Collar11 	Collar11 
Hardwares:Misc:PGX3822 (3/8" x 2-1/2" Groove Pin)	Hardwares:Misc:PGX3822 	PGX3822 
Hardwares:Misc:PGX3822 (3/8" x 2-1/2" Groove Pin)	Hardwares:Misc:PGX3822 	PGX3822 
Hardwares:Misc:PRX3830 (3/8" x 3" Spring Pin (Roll Pin))	Hardwares:Misc:PRX3830 (3/8" x 3" Spring Pin 	PRX3830 (3/8" x 3" Spring Pin 
Hardwares:Misc:PRX5622 (5/16" x 2-1/2" Spring Pin (Roll Pin))	Hardwares:Misc:PRX5622 (5/16" x 2-1/2" Spring Pin 	PRX5622 (5/16" x 2-1/2" Spring Pin 
Hardwares:Misc	Hardwares:Misc	Misc
Hardwares	Hardwares	Hardwares
Hardwares	Hardwares	Hardwares
Hardwares	Hardwares	Hardwares
Hardwares	Hardwares	Hardwares
Hardwares	Hardwares	Hardwares
Hollow Metals:Roton Hinge - Full Mortice (780-112 x 83", CL NH NH (No Holes))	Hollow Metals:Roton Hinge - Full Mortice (780-112 x 83", CL NH NH 	Roton Hinge - Full Mortice (780-112 x 83", CL NH NH 
Hollow Metals:Roton Hinge - Full Mortice (780-112 x 83", CL NH NH (No Holes))	Hollow Metals:Roton Hinge - Full Mortice (780-112 x 83", CL NH NH 	Roton Hinge - Full Mortice (780-112 x 83", CL NH NH 
Hollow Metals:Roton Hinge - Full Mortice (780-112 x 83", CL NH NH (No Holes))	Hollow Metals:Roton Hinge - Full Mortice (780-112 x 83", CL NH NH 	Roton Hinge - Full Mortice (780-112 x 83", CL NH NH 
Hollow Metals:Roton Hinge - Full Mortice (780-112 x 83", CL NH NH (No Holes))	Hollow Metals:Roton Hinge - Full Mortice (780-112 x 83", CL NH NH 	Roton Hinge - Full Mortice (780-112 x 83", CL NH NH 
Hollow Metals:Roton Hinge - Full Mortice (780-112 x 83", CL NH NH (No Holes))	Hollow Metals:Roton Hinge - Full Mortice (780-112 x 83", CL NH NH 	Roton Hinge - Full Mortice (780-112 x 83", CL NH NH 
Hollow Metals:Roton Hinge - Full Mortice (780-112 x 83", CL NH NH (No Holes))	Hollow Metals:Roton Hinge - Full Mortice (780-112 x 83", CL NH NH 	Roton Hinge - Full Mortice (780-112 x 83", CL NH NH 
Hollow Metals:Roton Hinge - Full Mortice (780-112 x 83", CL NH NH (No Holes))	Hollow Metals:Roton Hinge - Full Mortice (780-112 x 83", CL NH NH 	Roton Hinge - Full Mortice (780-112 x 83", CL NH NH 
Paint Product	Paint Product	Paint Product
Paint Product	Paint Product	Paint Product
Paint Product	Paint Product	Paint Product
Rolling Door Kits:70012747 (Universal Slat Adaptor (USA) 14Ga. Extruded Aluminum 21' - stock len...	Rolling Door Kits:70012747 (Universal Slat Adaptor 	70012747 (Universal Slat Adaptor 
Rolling Door Kits:Cornell/Cookson	Rolling Door Kits:Cornell/Cookson	Cornell/Cookson
Rolling Door Kits:Cornell/Cookson	Rolling Door Kits:Cornell/Cookson	Cornell/Cookson
Rolling Door Kits:Cornell/Cookson	Rolling Door Kits:Cornell/Cookson	Cornell/Cookson
Rolling Door Kits:Cornell/Cookson	Rolling Door Kits:Cornell/Cookson	Cornell/Cookson
Rolling Door Kits:Cornell/Cookson	Rolling Door Kits:Cornell/Cookson	Cornell/Cookson
Rolling Door Kits:Cornell/Cookson	Rolling Door Kits:Cornell/Cookson	Cornell/Cookson
Rolling Door Kits:Cornell/Cookson	Rolling Door Kits:Cornell/Cookson	Cornell/Cookson
Rolling Door Kits:Cornell/Cookson	Rolling Door Kits:Cornell/Cookson	Cornell/Cookson
Rolling Door Kits:Cornell/Cookson	Rolling Door Kits:Cornell/Cookson	Cornell/Cookson
Rolling Door Kits:Cornell/Cookson	Rolling Door Kits:Cornell/Cookson	Cornell/Cookson
Rolling Door Kits:Cornell/Cookson	Rolling Door Kits:Cornell/Cookson	Cornell/Cookson
Rolling Door Kits:Cornell/Cookson	Rolling Door Kits:Cornell/Cookson	Cornell/Cookson
Rolling Door Kits:Cornell/Cookson	Rolling Door Kits:Cornell/Cookson	Cornell/Cookson
Rolling Door Kits:Cornell/Cookson	Rolling Door Kits:Cornell/Cookson	Cornell/Cookson
Rolling Door Kits:Cornell/Cookson	Rolling Door Kits:Cornell/Cookson	Cornell/Cookson
Rolling Door Kits:Cornell/Cookson	Rolling Door Kits:Cornell/Cookson	Cornell/Cookson
Rolling Door Kits:Cornell/Cookson	Rolling Door Kits:Cornell/Cookson	Cornell/Cookson
Rolling Door Kits:Cornell/Cookson	Rolling Door Kits:Cornell/Cookson	Cornell/Cookson
Rolling Door Kits:Cornell/Cookson	Rolling Door Kits:Cornell/Cookson	Cornell/Cookson
Rolling Door Kits:Cornell/Cookson	Rolling Door Kits:Cornell/Cookson	Cornell/Cookson
Rolling Door Kits:Cornell/Cookson	Rolling Door Kits:Cornell/Cookson	Cornell/Cookson
Rolling Door Kits:Cornell/Cookson	Rolling Door Kits:Cornell/Cookson	Cornell/Cookson
Rolling Door Kits:Cornell/Cookson	Rolling Door Kits:Cornell/Cookson	Cornell/Cookson
Rolling Door Kits:Cornell/Cookson	Rolling Door Kits:Cornell/Cookson	Cornell/Cookson
Rolling Door Kits:Cornell/Cookson	Rolling Door Kits:Cornell/Cookson	Cornell/Cookson
Rolling Door Kits:Cornell/Cookson	Rolling Door Kits:Cornell/Cookson	Cornell/Cookson
Rolling Door Kits:Cornell/Cookson	Rolling Door Kits:Cornell/Cookson	Cornell/Cookson
Rolling Door Kits:Cornell/Cookson	Rolling Door Kits:Cornell/Cookson	Cornell/Cookson
Rolling Door Kits:Cornell/Cookson	Rolling Door Kits:Cornell/Cookson	Cornell/Cookson
Rolling Door Kits:Cornell/Cookson	Rolling Door Kits:Cornell/Cookson	Cornell/Cookson
Rolling Door Kits:Cornell/Cookson	Rolling Door Kits:Cornell/Cookson	Cornell/Cookson
Rolling Door Kits:Cornell/Cookson	Rolling Door Kits:Cornell/Cookson	Cornell/Cookson
Rolling Door Kits:Cornell/Cookson	Rolling Door Kits:Cornell/Cookson	Cornell/Cookson
Rolling Door Kits:Cornell/Cookson	Rolling Door Kits:Cornell/Cookson	Cornell/Cookson
Rolling Door Kits:Cornell/Cookson	Rolling Door Kits:Cornell/Cookson	Cornell/Cookson
Rolling Door Kits:Cornell/Cookson	Rolling Door Kits:Cornell/Cookson	Cornell/Cookson
Rolling Door Kits:Cornell/Cookson	Rolling Door Kits:Cornell/Cookson	Cornell/Cookson
Rolling Door Kits:Cornell/Cookson	Rolling Door Kits:Cornell/Cookson	Cornell/Cookson
Rolling Door Kits:Cornell/Cookson	Rolling Door Kits:Cornell/Cookson	Cornell/Cookson
Rolling Door Kits:Cornell/Cookson	Rolling Door Kits:Cornell/Cookson	Cornell/Cookson
Rolling Door Kits:Cornell/Cookson	Rolling Door Kits:Cornell/Cookson	Cornell/Cookson
Rolling Door Kits:Cornell/Cookson	Rolling Door Kits:Cornell/Cookson	Cornell/Cookson
Rolling Door Kits:Cornell/Cookson	Rolling Door Kits:Cornell/Cookson	Cornell/Cookson
Rolling Doors:528Steel (5.28 Wide x 20 Gauge Steel)	Rolling Doors:528Steel 	528Steel 
Rolling Doors:528Steel (5.28 Wide x 20 Gauge Steel)	Rolling Doors:528Steel 	528Steel 
Rolling Doors:528Steel (5.28 Wide x 20 Gauge Steel)	Rolling Doors:528Steel 	528Steel 
Rolling Doors:528Steel (5.28 Wide x 20 Gauge Steel)	Rolling Doors:528Steel 	528Steel 
Rolling Doors:528Steel (5.28 Wide x 20 Gauge Steel)	Rolling Doors:528Steel 	528Steel 
Rolling Doors:528Steel (5.28 Wide x 20 Gauge Steel)	Rolling Doors:528Steel 	528Steel 
Rolling Doors:528Steel (5.28 Wide x 20 Gauge Steel)	Rolling Doors:528Steel 	528Steel 
Rolling Doors:528Steel (5.28 Wide x 20 Gauge Steel)	Rolling Doors:528Steel 	528Steel 
Rolling Doors:528Steel (5.28 Wide x 20 Gauge Steel)	Rolling Doors:528Steel 	528Steel 
Rolling Doors:534Steel (5.34 wide x 20 Gauge Steel)	Rolling Doors:534Steel 	534Steel 
Rolling Doors:534Steel (5.34 wide x 20 Gauge Steel)	Rolling Doors:534Steel 	534Steel 
Rolling Doors:534Steel (5.34 wide x 20 Gauge Steel)	Rolling Doors:534Steel 	534Steel 
Rolling Doors:534Steel (5.34 wide x 20 Gauge Steel)	Rolling Doors:534Steel 	534Steel 
Rolling Doors:534Steel (5.34 wide x 20 Gauge Steel)	Rolling Doors:534Steel 	534Steel 
Rolling Doors:534Steel (5.34 wide x 20 Gauge Steel)	Rolling Doors:534Steel 	534Steel 
Rolling Doors:534Steel (5.34 wide x 20 Gauge Steel)	Rolling Doors:534Steel 	534Steel 
Rolling Doors:534Steel (5.34 wide x 20 Gauge Steel)	Rolling Doors:534Steel 	534Steel 
Rolling Doors:534Steel (5.34 wide x 20 Gauge Steel)	Rolling Doors:534Steel 	534Steel 
Rolling Doors:BarrelRing4 (Barrel Ring - 8" x 4.5")	Rolling Doors:BarrelRing4 	BarrelRing4 
Rolling Doors:BarrelRing4 (Barrel Ring - 8" x 4.5")	Rolling Doors:BarrelRing4 	BarrelRing4 
Rolling Doors:BarrelRing4 (Barrel Ring - 8" x 4.5")	Rolling Doors:BarrelRing4 	BarrelRing4 
Rolling Doors:BarrelRing4 (Barrel Ring - 8" x 4.5")	Rolling Doors:BarrelRing4 	BarrelRing4 
Rolling Doors:BarrelRing4 (Barrel Ring - 8" x 4.5")	Rolling Doors:BarrelRing4 	BarrelRing4 
Rolling Doors:BarrelRing6 (Barrel Ring - 8" x 6.625")	Rolling Doors:BarrelRing6 	BarrelRing6 
Rolling Doors:Bearings:TubeBearing41 (Tube Bearing, 4" W / ID 1" Hole)	Rolling Doors:Bearings:TubeBearing41 	TubeBearing41 
Rolling Doors:BottomRubber (Bottom Bar Rubber)	Rolling Doors:BottomRubber 	BottomRubber 
Rolling Doors:BottomRubber (Bottom Bar Rubber)	Rolling Doors:BottomRubber 	BottomRubber 
Rolling Doors:BottomRubber (Bottom Bar Rubber)	Rolling Doors:BottomRubber 	BottomRubber 
Rolling Doors:BottomRubber (Bottom Bar Rubber)	Rolling Doors:BottomRubber 	BottomRubber 
Rolling Doors:BottomRubber (Bottom Bar Rubber)	Rolling Doors:BottomRubber 	BottomRubber 
Rolling Doors:BottomRubber (Bottom Bar Rubber)	Rolling Doors:BottomRubber 	BottomRubber 
Rolling Doors:BottomRubber (Bottom Bar Rubber)	Rolling Doors:BottomRubber 	BottomRubber 
Rolling Doors:BottomRubber (Bottom Bar Rubber)	Rolling Doors:BottomRubber 	BottomRubber 
Rolling Doors:BottomRubber (Bottom Bar Rubber)	Rolling Doors:BottomRubber 	BottomRubber 
Rolling Doors:BottomRubber (Bottom Bar Rubber)	Rolling Doors:BottomRubber 	BottomRubber 
Rolling Doors:BottomRubber (Bottom Bar Rubber)	Rolling Doors:BottomRubber 	BottomRubber 
Rolling Doors:BottomRubber (Bottom Bar Rubber)	Rolling Doors:BottomRubber 	BottomRubber 
Rolling Doors:BottomRubber (Bottom Bar Rubber)	Rolling Doors:BottomRubber 	BottomRubber 
Rolling Doors:Castings:6P1 (6" Pipe Casting, 6P1, 1-1/2")	Rolling Doors:Castings:6P1 	6P1 
Rolling Doors:Castings:6P1 (6" Pipe Casting, 6P1, 1-1/2")	Rolling Doors:Castings:6P1 	6P1 
Rolling Doors:Castings:6P1 (6" Pipe Casting, 6P1, 1-1/2")	Rolling Doors:Castings:6P1 	6P1 
Rolling Doors:Castings:6P1 (6" Pipe Casting, 6P1, 1-1/2")	Rolling Doors:Castings:6P1 	6P1 
Rolling Doors:Castings:6S1 (6" Spring Casting, 6S1, 1-1/2")	Rolling Doors:Castings:6S1 	6S1 
Rolling Doors:Castings:6S1 (6" Spring Casting, 6S1, 1-1/2")	Rolling Doors:Castings:6S1 	6S1 
Rolling Doors:Castings:6S1 (6" Spring Casting, 6S1, 1-1/2")	Rolling Doors:Castings:6S1 	6S1 
Rolling Doors:Castings:CW11 (6-3/4" Charging Wheel, 1-1/4" Bore)	Rolling Doors:Castings:CW11 	CW11 
Rolling Doors:Castings:CW11 (6-3/4" Charging Wheel, 1-1/4" Bore)	Rolling Doors:Castings:CW11 	CW11 
Rolling Doors:Castings:CW11 (6-3/4" Charging Wheel, 1-1/4" Bore)	Rolling Doors:Castings:CW11 	CW11 
Rolling Doors:Castings:CW11 (6-3/4" Charging Wheel, 1-1/4" Bore)	Rolling Doors:Castings:CW11 	CW11 
Rolling Doors:Castings:CW11 (6-3/4" Charging Wheel, 1-1/4" Bore)	Rolling Doors:Castings:CW11 	CW11 
Rolling Doors:Castings:CW11 (6-3/4" Charging Wheel, 1-1/4" Bore)	Rolling Doors:Castings:CW11 	CW11 
Rolling Doors:Castings:CW11 (6-3/4" Charging Wheel, 1-1/4" Bore)	Rolling Doors:Castings:CW11 	CW11 
Rolling Doors:Castings:CW11 (6-3/4" Charging Wheel, 1-1/4" Bore)	Rolling Doors:Castings:CW11 	CW11 
Rolling Doors:Castings:CW11 (6-3/4" Charging Wheel, 1-1/4" Bore)	Rolling Doors:Castings:CW11 	CW11 
Rolling Doors:Castings:CW11 (6-3/4" Charging Wheel, 1-1/4" Bore)	Rolling Doors:Castings:CW11 	CW11 
Rolling Doors:Castings:CW11 (6-3/4" Charging Wheel, 1-1/4" Bore)	Rolling Doors:Castings:CW11 	CW11 
Rolling Doors:Castings:CW12 (6-3/4" Charging Wheel, 1-1/2" Bore)	Rolling Doors:Castings:CW12 	CW12 
Rolling Doors:Castings	Rolling Doors:Castings	Castings
Rolling Doors:Endlocks:CEndLC (Crown Slat Endlock, Cast, Left Hand)	Rolling Doors:Endlocks:CEndLC 	CEndLC 
Rolling Doors:Endlocks:CEndLC (Crown Slat Endlock, Cast, Left Hand)	Rolling Doors:Endlocks:CEndLC 	CEndLC 
Rolling Doors:Endlocks:CEndLC (Crown Slat Endlock, Cast, Left Hand)	Rolling Doors:Endlocks:CEndLC 	CEndLC 
Rolling Doors:Endlocks:CEndLC (Crown Slat Endlock, Cast, Left Hand)	Rolling Doors:Endlocks:CEndLC 	CEndLC 
Rolling Doors:Endlocks:CEndLC (Crown Slat Endlock, Cast, Left Hand)	Rolling Doors:Endlocks:CEndLC 	CEndLC 
Rolling Doors:Endlocks:CEndLC (Crown Slat Endlock, Cast, Left Hand)	Rolling Doors:Endlocks:CEndLC 	CEndLC 
Rolling Doors:Endlocks:CEndLC (Crown Slat Endlock, Cast, Left Hand)	Rolling Doors:Endlocks:CEndLC 	CEndLC 
Rolling Doors:Endlocks:CEndLC (Crown Slat Endlock, Cast, Left Hand)	Rolling Doors:Endlocks:CEndLC 	CEndLC 
Rolling Doors:Endlocks:CEndLC (Crown Slat Endlock, Cast, Left Hand)	Rolling Doors:Endlocks:CEndLC 	CEndLC 
Rolling Doors:Endlocks:CEndLC (Crown Slat Endlock, Cast, Left Hand)	Rolling Doors:Endlocks:CEndLC 	CEndLC 
Rolling Doors:Endlocks:CEndRC (Crown Slat Endlock, Cast, Right Hand)	Rolling Doors:Endlocks:CEndRC 	CEndRC 
Rolling Doors:Endlocks:CEndRC (Crown Slat Endlock, Cast, Right Hand)	Rolling Doors:Endlocks:CEndRC 	CEndRC 
Rolling Doors:Endlocks:CEndRC (Crown Slat Endlock, Cast, Right Hand)	Rolling Doors:Endlocks:CEndRC 	CEndRC 
Rolling Doors:Endlocks:CEndRC (Crown Slat Endlock, Cast, Right Hand)	Rolling Doors:Endlocks:CEndRC 	CEndRC 
Rolling Doors:Endlocks:CEndRC (Crown Slat Endlock, Cast, Right Hand)	Rolling Doors:Endlocks:CEndRC 	CEndRC 
Rolling Doors:Endlocks:CEndRC (Crown Slat Endlock, Cast, Right Hand)	Rolling Doors:Endlocks:CEndRC 	CEndRC 
Rolling Doors:Endlocks:CEndRC (Crown Slat Endlock, Cast, Right Hand)	Rolling Doors:Endlocks:CEndRC 	CEndRC 
Rolling Doors:Endlocks:CEndRC (Crown Slat Endlock, Cast, Right Hand)	Rolling Doors:Endlocks:CEndRC 	CEndRC 
Rolling Doors:Endlocks:CEndRC (Crown Slat Endlock, Cast, Right Hand)	Rolling Doors:Endlocks:CEndRC 	CEndRC 
Rolling Doors:Endlocks:CEndRC (Crown Slat Endlock, Cast, Right Hand)	Rolling Doors:Endlocks:CEndRC 	CEndRC 
Rolling Doors:Endlocks:CEndRC (Crown Slat Endlock, Cast, Right Hand)	Rolling Doors:Endlocks:CEndRC 	CEndRC 
Rolling Doors:Endlocks:CWindC (Crown Cast Windlocks)	Rolling Doors:Endlocks:CWindC 	CWindC 
Rolling Doors:Endlocks:CWindC (Crown Cast Windlocks)	Rolling Doors:Endlocks:CWindC 	CWindC 
Rolling Doors:Endlocks:FEnd3/16 (Endlock, Flat Slat, Galvanized, 3/16" Holes)	Rolling Doors:Endlocks:FEnd3/16 	FEnd3/16 
Rolling Doors:Endlocks:FEnd3/16 (Endlock, Flat Slat, Galvanized, 3/16" Holes)	Rolling Doors:Endlocks:FEnd3/16 	FEnd3/16 
Rolling Doors:Endlocks:FEnd3/16 (Endlock, Flat Slat, Galvanized, 3/16" Holes)	Rolling Doors:Endlocks:FEnd3/16 	FEnd3/16 
Rolling Doors:Endlocks:FEnd3/16 (Endlock, Flat Slat, Galvanized, 3/16" Holes)	Rolling Doors:Endlocks:FEnd3/16 	FEnd3/16 
Rolling Doors:Endlocks:FEndC (Flat Endlock, Cast)	Rolling Doors:Endlocks:FEndC 	FEndC 
Rolling Doors:Endlocks:FEndC (Flat Endlock, Cast)	Rolling Doors:Endlocks:FEndC 	FEndC 
Rolling Doors:Endlocks:FEndC (Flat Endlock, Cast)	Rolling Doors:Endlocks:FEndC 	FEndC 
Rolling Doors:Endlocks:FEndC (Flat Endlock, Cast)	Rolling Doors:Endlocks:FEndC 	FEndC 
Rolling Doors:Endlocks:FEndC (Flat Endlock, Cast)	Rolling Doors:Endlocks:FEndC 	FEndC 
Rolling Doors:Endlocks:FEndC (Flat Endlock, Cast)	Rolling Doors:Endlocks:FEndC 	FEndC 
Rolling Doors:Endlocks:FEndC (Flat Endlock, Cast)	Rolling Doors:Endlocks:FEndC 	FEndC 
Rolling Doors:Endlocks:FWindC (Flat Windlocks, Cast)	Rolling Doors:Endlocks:FWindC 	FWindC 
Rolling Doors:EndPlate 18" (18" End Plates, with bearing)	Rolling Doors:EndPlate 18" 	EndPlate 18" 
Rolling Doors:EndPlate 18" (18" End Plates, with bearing)	Rolling Doors:EndPlate 18" 	EndPlate 18" 
Rolling Doors:GuideSeal (Rolling Steel Door Guide Seal)	Rolling Doors:GuideSeal 	GuideSeal 
Rolling Doors:GuideSeal (Rolling Steel Door Guide Seal)	Rolling Doors:GuideSeal 	GuideSeal 
Rolling Doors:GuideSeal (Rolling Steel Door Guide Seal)	Rolling Doors:GuideSeal 	GuideSeal 
Rolling Doors:GuideSeal (Rolling Steel Door Guide Seal)	Rolling Doors:GuideSeal 	GuideSeal 
Rolling Doors:GuideSeal (Rolling Steel Door Guide Seal)	Rolling Doors:GuideSeal 	GuideSeal 
Rolling Doors:GuideSeal (Rolling Steel Door Guide Seal)	Rolling Doors:GuideSeal 	GuideSeal 
Rolling Doors:HoodBaffle (1/16" thick x 8" wide SBR-C.I Rubber Strip, Hood Baffle)	Rolling Doors:HoodBaffle 	HoodBaffle 
Rolling Doors:HoodBaffle (1/16" thick x 8" wide SBR-C.I Rubber Strip, Hood Baffle)	Rolling Doors:HoodBaffle 	HoodBaffle 
Rolling Doors:Iron:AI2218 (2" x 2" x 1/8" x 20 Angle Iron)	Rolling Doors:Iron:AI2218 	AI2218 
Rolling Doors:Iron:AI2218 (2" x 2" x 1/8" x 20 Angle Iron)	Rolling Doors:Iron:AI2218 	AI2218 
Rolling Doors:Iron:AI2218 (2" x 2" x 1/8" x 20 Angle Iron)	Rolling Doors:Iron:AI2218 	AI2218 
Rolling Doors:Iron:AI2218 (2" x 2" x 1/8" x 20 Angle Iron)	Rolling Doors:Iron:AI2218 	AI2218 
Rolling Doors:Iron:AI2218 (2" x 2" x 1/8" x 20 Angle Iron)	Rolling Doors:Iron:AI2218 	AI2218 
Rolling Doors:Iron:AI2218 (2" x 2" x 1/8" x 20 Angle Iron)	Rolling Doors:Iron:AI2218 	AI2218 
Rolling Doors:Iron:AI2218 (2" x 2" x 1/8" x 20 Angle Iron)	Rolling Doors:Iron:AI2218 	AI2218 
Rolling Doors:Iron:AI2218 (2" x 2" x 1/8" x 20 Angle Iron)	Rolling Doors:Iron:AI2218 	AI2218 
Rolling Doors:Iron:AI2218 (2" x 2" x 1/8" x 20 Angle Iron)	Rolling Doors:Iron:AI2218 	AI2218 
Rolling Doors:Iron:AI2218 (2" x 2" x 1/8" x 20 Angle Iron)	Rolling Doors:Iron:AI2218 	AI2218 
Rolling Doors:Iron:AI2218 (2" x 2" x 1/8" x 20 Angle Iron)	Rolling Doors:Iron:AI2218 	AI2218 
Rolling Doors:Iron:AI2218 (2" x 2" x 1/8" x 20 Angle Iron)	Rolling Doors:Iron:AI2218 	AI2218 
Rolling Doors:Iron:AI2218 (2" x 2" x 1/8" x 20 Angle Iron)	Rolling Doors:Iron:AI2218 	AI2218 
Rolling Doors:Iron:AI2218 (2" x 2" x 1/8" x 20 Angle Iron)	Rolling Doors:Iron:AI2218 	AI2218 
Rolling Doors:Iron:AI2218 (2" x 2" x 1/8" x 20 Angle Iron)	Rolling Doors:Iron:AI2218 	AI2218 
Rolling Doors:Iron:AI2218 (2" x 2" x 1/8" x 20 Angle Iron)	Rolling Doors:Iron:AI2218 	AI2218 
Rolling Doors:Iron:AI2218 (2" x 2" x 1/8" x 20 Angle Iron)	Rolling Doors:Iron:AI2218 	AI2218 
Rolling Doors:Iron:AI2218 (2" x 2" x 1/8" x 20 Angle Iron)	Rolling Doors:Iron:AI2218 	AI2218 
Rolling Doors:Iron:AI32316 (3" x 2" x 3/16" angles - 40' Saw Cut,  20 @ 23' and 20 @ 17', bundle...	Rolling Doors:Iron:AI32316 	AI32316 
Rolling Doors:Iron:AI32316 (3" x 2" x 3/16" angles - 40' Saw Cut,  20 @ 23' and 20 @ 17', bundle...	Rolling Doors:Iron:AI32316 	AI32316 
Rolling Doors:Iron:AI32316 (3" x 2" x 3/16" angles - 40' Saw Cut,  20 @ 23' and 20 @ 17', bundle...	Rolling Doors:Iron:AI32316 	AI32316 
Rolling Doors:Iron:AI32316 (3" x 2" x 3/16" angles - 40' Saw Cut,  20 @ 23' and 20 @ 17', bundle...	Rolling Doors:Iron:AI32316 	AI32316 
Rolling Doors:Iron:AI32316 (3" x 2" x 3/16" angles - 40' Saw Cut,  20 @ 23' and 20 @ 17', bundle...	Rolling Doors:Iron:AI32316 	AI32316 
Rolling Doors:Iron:AI32316 (3" x 2" x 3/16" angles - 40' Saw Cut,  20 @ 23' and 20 @ 17', bundle...	Rolling Doors:Iron:AI32316 	AI32316 
Rolling Doors:Iron:AI32316 (3" x 2" x 3/16" angles - 40' Saw Cut,  20 @ 23' and 20 @ 17', bundle...	Rolling Doors:Iron:AI32316 	AI32316 
Rolling Doors:Iron:AI32316 (3" x 2" x 3/16" angles - 40' Saw Cut,  20 @ 23' and 20 @ 17', bundle...	Rolling Doors:Iron:AI32316 	AI32316 
Rolling Doors:Iron:AI32316 (3" x 2" x 3/16" angles - 40' Saw Cut,  20 @ 23' and 20 @ 17', bundle...	Rolling Doors:Iron:AI32316 	AI32316 
Rolling Doors:Iron:AI32316 (3" x 2" x 3/16" angles - 40' Saw Cut,  20 @ 23' and 20 @ 17', bundle...	Rolling Doors:Iron:AI32316 	AI32316 
Rolling Doors:Iron:AI32316 (3" x 2" x 3/16" angles - 40' Saw Cut,  20 @ 23' and 20 @ 17', bundle...	Rolling Doors:Iron:AI32316 	AI32316 
Rolling Doors:Iron:AI32316 (3" x 2" x 3/16" angles - 40' Saw Cut,  20 @ 23' and 20 @ 17', bundle...	Rolling Doors:Iron:AI32316 	AI32316 
Rolling Doors:Iron:AI32316 (3" x 2" x 3/16" angles - 40' Saw Cut,  20 @ 23' and 20 @ 17', bundle...	Rolling Doors:Iron:AI32316 	AI32316 
Rolling Doors:Iron:AI33316 (3" x 3" x 3/16" Angles, 40' Saw Cut,  20 @ 23' and 20 @ 17', bundled...	Rolling Doors:Iron:AI33316 	AI33316 
Rolling Doors:Iron:AI33316 (3" x 3" x 3/16" Angles, 40' Saw Cut,  20 @ 23' and 20 @ 17', bundled...	Rolling Doors:Iron:AI33316 	AI33316 
Rolling Doors:Iron:AI33316 (3" x 3" x 3/16" Angles, 40' Saw Cut,  20 @ 23' and 20 @ 17', bundled...	Rolling Doors:Iron:AI33316 	AI33316 
Rolling Doors:Iron:AI33316 (3" x 3" x 3/16" Angles, 40' Saw Cut,  20 @ 23' and 20 @ 17', bundled...	Rolling Doors:Iron:AI33316 	AI33316 
Rolling Doors:Iron:AI33316 (3" x 3" x 3/16" Angles, 40' Saw Cut,  20 @ 23' and 20 @ 17', bundled...	Rolling Doors:Iron:AI33316 	AI33316 
Rolling Doors:Iron:AI33316 (3" x 3" x 3/16" Angles, 40' Saw Cut,  20 @ 23' and 20 @ 17', bundled...	Rolling Doors:Iron:AI33316 	AI33316 
Rolling Doors:Iron:AI33316 (3" x 3" x 3/16" Angles, 40' Saw Cut,  20 @ 23' and 20 @ 17', bundled...	Rolling Doors:Iron:AI33316 	AI33316 
Rolling Doors:Iron:AI33316 (3" x 3" x 3/16" Angles, 40' Saw Cut,  20 @ 23' and 20 @ 17', bundled...	Rolling Doors:Iron:AI33316 	AI33316 
Rolling Doors:Iron:AI33316 (3" x 3" x 3/16" Angles, 40' Saw Cut,  20 @ 23' and 20 @ 17', bundled...	Rolling Doors:Iron:AI33316 	AI33316 
Rolling Doors:Iron:AI33316 (3" x 3" x 3/16" Angles, 40' Saw Cut,  20 @ 23' and 20 @ 17', bundled...	Rolling Doors:Iron:AI33316 	AI33316 
Rolling Doors:Iron:AI33316 (3" x 3" x 3/16" Angles, 40' Saw Cut,  20 @ 23' and 20 @ 17', bundled...	Rolling Doors:Iron:AI33316 	AI33316 
Rolling Doors:Iron:AI33316 (3" x 3" x 3/16" Angles, 40' Saw Cut,  20 @ 23' and 20 @ 17', bundled...	Rolling Doors:Iron:AI33316 	AI33316 
Rolling Doors:Iron:AI33316 (3" x 3" x 3/16" Angles, 40' Saw Cut,  20 @ 23' and 20 @ 17', bundled...	Rolling Doors:Iron:AI33316 	AI33316 
Rolling Doors:Iron:AI33316 (3" x 3" x 3/16" Angles, 40' Saw Cut,  20 @ 23' and 20 @ 17', bundled...	Rolling Doors:Iron:AI33316 	AI33316 
Rolling Doors:Iron:AI33316 (3" x 3" x 3/16" Angles, 40' Saw Cut,  20 @ 23' and 20 @ 17', bundled...	Rolling Doors:Iron:AI33316 	AI33316 
Rolling Doors:Iron:AI33316 (3" x 3" x 3/16" Angles, 40' Saw Cut,  20 @ 23' and 20 @ 17', bundled...	Rolling Doors:Iron:AI33316 	AI33316 
Rolling Doors:Iron:AI33316 (3" x 3" x 3/16" Angles, 40' Saw Cut,  20 @ 23' and 20 @ 17', bundled...	Rolling Doors:Iron:AI33316 	AI33316 
Rolling Doors:Iron:AI33316 (3" x 3" x 3/16" Angles, 40' Saw Cut,  20 @ 23' and 20 @ 17', bundled...	Rolling Doors:Iron:AI33316 	AI33316 
Rolling Doors:Iron:AI33316 (3" x 3" x 3/16" Angles, 40' Saw Cut,  20 @ 23' and 20 @ 17', bundled...	Rolling Doors:Iron:AI33316 	AI33316 
Rolling Doors:Iron:AI33316 (3" x 3" x 3/16" Angles, 40' Saw Cut,  20 @ 23' and 20 @ 17', bundled...	Rolling Doors:Iron:AI33316 	AI33316 
Rolling Doors:Iron:AI33316 (3" x 3" x 3/16" Angles, 40' Saw Cut,  20 @ 23' and 20 @ 17', bundled...	Rolling Doors:Iron:AI33316 	AI33316 
Rolling Doors:Iron:AI33316 (3" x 3" x 3/16" Angles, 40' Saw Cut,  20 @ 23' and 20 @ 17', bundled...	Rolling Doors:Iron:AI33316 	AI33316 
Rolling Doors:Iron:AI33316 (3" x 3" x 3/16" Angles, 40' Saw Cut,  20 @ 23' and 20 @ 17', bundled...	Rolling Doors:Iron:AI33316 	AI33316 
Rolling Doors:Iron:AI33316 (3" x 3" x 3/16" Angles, 40' Saw Cut,  20 @ 23' and 20 @ 17', bundled...	Rolling Doors:Iron:AI33316 	AI33316 
Rolling Doors:Iron:AI33316 (3" x 3" x 3/16" Angles, 40' Saw Cut,  20 @ 23' and 20 @ 17', bundled...	Rolling Doors:Iron:AI33316 	AI33316 
Rolling Doors:Iron:AI33316 (3" x 3" x 3/16" Angles, 40' Saw Cut,  20 @ 23' and 20 @ 17', bundled...	Rolling Doors:Iron:AI33316 	AI33316 
Rolling Doors:Iron:AI33316 (3" x 3" x 3/16" Angles, 40' Saw Cut,  20 @ 23' and 20 @ 17', bundled...	Rolling Doors:Iron:AI33316 	AI33316 
Rolling Doors:Iron:AI33316 (3" x 3" x 3/16" Angles, 40' Saw Cut,  20 @ 23' and 20 @ 17', bundled...	Rolling Doors:Iron:AI33316 	AI33316 
Rolling Doors:Iron:AI33316 (3" x 3" x 3/16" Angles, 40' Saw Cut,  20 @ 23' and 20 @ 17', bundled...	Rolling Doors:Iron:AI33316 	AI33316 
Rolling Doors:Iron:AI33316 (3" x 3" x 3/16" Angles, 40' Saw Cut,  20 @ 23' and 20 @ 17', bundled...	Rolling Doors:Iron:AI33316 	AI33316 
Rolling Doors:Iron:AI33316 (3" x 3" x 3/16" Angles, 40' Saw Cut,  20 @ 23' and 20 @ 17', bundled...	Rolling Doors:Iron:AI33316 	AI33316 
Rolling Doors:Iron:AI33316 (3" x 3" x 3/16" Angles, 40' Saw Cut,  20 @ 23' and 20 @ 17', bundled...	Rolling Doors:Iron:AI33316 	AI33316 
Rolling Doors:Iron:FlatStock1-1/8 (1/8" x 1" x 20', Flat Stock)	Rolling Doors:Iron:FlatStock1-1/8 	FlatStock1-1/8 
Rolling Doors:Iron:FlatStock1-1/8 (1/8" x 1" x 20', Flat Stock)	Rolling Doors:Iron:FlatStock1-1/8 	FlatStock1-1/8 
Rolling Doors:Iron:FlatStock1-1/8 (1/8" x 1" x 20', Flat Stock)	Rolling Doors:Iron:FlatStock1-1/8 	FlatStock1-1/8 
Rolling Doors:Iron:FlatStock1-1/8 (1/8" x 1" x 20', Flat Stock)	Rolling Doors:Iron:FlatStock1-1/8 	FlatStock1-1/8 
Rolling Doors:Iron:FlatStock1-1/8 (1/8" x 1" x 20', Flat Stock)	Rolling Doors:Iron:FlatStock1-1/8 	FlatStock1-1/8 
Rolling Doors:Iron:SHAFT11-12 (1-1/4" x 12' Round Shaft)	Rolling Doors:Iron:SHAFT11-12 	SHAFT11-12 
Rolling Doors:Iron:SHAFT11-12 (1-1/4" x 12' Round Shaft)	Rolling Doors:Iron:SHAFT11-12 	SHAFT11-12 
Rolling Doors:Iron:SHAFT11-12 (1-1/4" x 12' Round Shaft)	Rolling Doors:Iron:SHAFT11-12 	SHAFT11-12 
Rolling Doors:Iron:SHAFT11-12 (1-1/4" x 12' Round Shaft)	Rolling Doors:Iron:SHAFT11-12 	SHAFT11-12 
Rolling Doors:Iron:SHAFT11-12 (1-1/4" x 12' Round Shaft)	Rolling Doors:Iron:SHAFT11-12 	SHAFT11-12 
Rolling Doors:Iron:SHAFT11-12 (1-1/4" x 12' Round Shaft)	Rolling Doors:Iron:SHAFT11-12 	SHAFT11-12 
Rolling Doors:Iron:SHAFT11-12 (1-1/4" x 12' Round Shaft)	Rolling Doors:Iron:SHAFT11-12 	SHAFT11-12 
Rolling Doors:Iron:SHAFT11-12 (1-1/4" x 12' Round Shaft)	Rolling Doors:Iron:SHAFT11-12 	SHAFT11-12 
Rolling Doors:Iron:SHAFT11-12 (1-1/4" x 12' Round Shaft)	Rolling Doors:Iron:SHAFT11-12 	SHAFT11-12 
Rolling Doors:Iron:SHAFT11-12 (1-1/4" x 12' Round Shaft)	Rolling Doors:Iron:SHAFT11-12 	SHAFT11-12 
Rolling Doors:Iron:SHAFT11-12 (1-1/4" x 12' Round Shaft)	Rolling Doors:Iron:SHAFT11-12 	SHAFT11-12 
Rolling Doors:Iron:SHAFT11-12 (1-1/4" x 12' Round Shaft)	Rolling Doors:Iron:SHAFT11-12 	SHAFT11-12 
Rolling Doors:Iron:SHAFT11-12 (1-1/4" x 12' Round Shaft)	Rolling Doors:Iron:SHAFT11-12 	SHAFT11-12 
Rolling Doors:Iron:SHAFT11-12 (1-1/4" x 12' Round Shaft)	Rolling Doors:Iron:SHAFT11-12 	SHAFT11-12 
Rolling Doors:Iron:SHAFT11-12 (1-1/4" x 12' Round Shaft)	Rolling Doors:Iron:SHAFT11-12 	SHAFT11-12 
Rolling Doors:Iron:SHAFT11-12 (1-1/4" x 12' Round Shaft)	Rolling Doors:Iron:SHAFT11-12 	SHAFT11-12 
Rolling Doors:Iron:SHAFT11-12 (1-1/4" x 12' Round Shaft)	Rolling Doors:Iron:SHAFT11-12 	SHAFT11-12 
Rolling Doors:Iron:SHAFT11-12 (1-1/4" x 12' Round Shaft)	Rolling Doors:Iron:SHAFT11-12 	SHAFT11-12 
Rolling Doors:Iron:SHAFT11-12 (1-1/4" x 12' Round Shaft)	Rolling Doors:Iron:SHAFT11-12 	SHAFT11-12 
Rolling Doors:Iron:SHAFT11-12 (1-1/4" x 12' Round Shaft)	Rolling Doors:Iron:SHAFT11-12 	SHAFT11-12 
Rolling Doors:Iron:SHAFT11-20 (1-1/4" x 20' Round Shaft)	Rolling Doors:Iron:SHAFT11-20 	SHAFT11-20 
Rolling Doors:Iron:SHAFT11-20 (1-1/4" x 20' Round Shaft)	Rolling Doors:Iron:SHAFT11-20 	SHAFT11-20 
Rolling Doors:Iron:SHAFT11-20 (1-1/4" x 20' Round Shaft)	Rolling Doors:Iron:SHAFT11-20 	SHAFT11-20 
Rolling Doors:Iron:SHAFT11-20 (1-1/4" x 20' Round Shaft)	Rolling Doors:Iron:SHAFT11-20 	SHAFT11-20 
Rolling Doors:Iron:SHAFT11-20 (1-1/4" x 20' Round Shaft)	Rolling Doors:Iron:SHAFT11-20 	SHAFT11-20 
Rolling Doors:Iron:SHAFT11-20 (1-1/4" x 20' Round Shaft)	Rolling Doors:Iron:SHAFT11-20 	SHAFT11-20 
Rolling Doors:Iron:SHAFT11-20 (1-1/4" x 20' Round Shaft)	Rolling Doors:Iron:SHAFT11-20 	SHAFT11-20 
Rolling Doors:Iron:SHAFT11-20 (1-1/4" x 20' Round Shaft)	Rolling Doors:Iron:SHAFT11-20 	SHAFT11-20 
Rolling Doors:Iron:SHAFT11-20 (1-1/4" x 20' Round Shaft)	Rolling Doors:Iron:SHAFT11-20 	SHAFT11-20 
Rolling Doors:Iron:SHAFT11-20 (1-1/4" x 20' Round Shaft)	Rolling Doors:Iron:SHAFT11-20 	SHAFT11-20 
Rolling Doors:Iron:SHAFT11-20 (1-1/4" x 20' Round Shaft)	Rolling Doors:Iron:SHAFT11-20 	SHAFT11-20 
Rolling Doors:Iron:SHAFT11-20 (1-1/4" x 20' Round Shaft)	Rolling Doors:Iron:SHAFT11-20 	SHAFT11-20 
Rolling Doors:Iron:SHAFT11-20 (1-1/4" x 20' Round Shaft)	Rolling Doors:Iron:SHAFT11-20 	SHAFT11-20 
Rolling Doors:Iron:SHAFT11-20 (1-1/4" x 20' Round Shaft)	Rolling Doors:Iron:SHAFT11-20 	SHAFT11-20 
Rolling Doors:Iron:SHAFT11-20 (1-1/4" x 20' Round Shaft)	Rolling Doors:Iron:SHAFT11-20 	SHAFT11-20 
Rolling Doors:Iron:SHAFT12-12 (1-1/2" x 12' round Shaft)	Rolling Doors:Iron:SHAFT12-12 	SHAFT12-12 
Rolling Doors:Iron:SHAFT12-12 (1-1/2" x 12' round Shaft)	Rolling Doors:Iron:SHAFT12-12 	SHAFT12-12 
Rolling Doors:Iron:SHAFT12-12 (1-1/2" x 12' round Shaft)	Rolling Doors:Iron:SHAFT12-12 	SHAFT12-12 
Rolling Doors:Iron:SHAFT12-20 (1-1/2" x 20', Round Shaft)	Rolling Doors:Iron:SHAFT12-20 	SHAFT12-20 
Rolling Doors:Iron:SHAFT12-20 (1-1/2" x 20', Round Shaft)	Rolling Doors:Iron:SHAFT12-20 	SHAFT12-20 
Rolling Doors:Iron:SHAFT12-20 (1-1/2" x 20', Round Shaft)	Rolling Doors:Iron:SHAFT12-20 	SHAFT12-20 
Rolling Doors:Iron:SHAFT12-20 (1-1/2" x 20', Round Shaft)	Rolling Doors:Iron:SHAFT12-20 	SHAFT12-20 
Rolling Doors:Iron:SteelPlate16 (16" x 16" x 3/16", Steel Plate)	Rolling Doors:Iron:SteelPlate16 	SteelPlate16 
Rolling Doors:Iron:SteelPlate16 (16" x 16" x 3/16", Steel Plate)	Rolling Doors:Iron:SteelPlate16 	SteelPlate16 
Rolling Doors:Iron:SteelPlate16 (16" x 16" x 3/16", Steel Plate)	Rolling Doors:Iron:SteelPlate16 	SteelPlate16 
Rolling Doors:Iron:SteelPlate16 (16" x 16" x 3/16", Steel Plate)	Rolling Doors:Iron:SteelPlate16 	SteelPlate16 
Rolling Doors:Iron:SteelPlate16 (16" x 16" x 3/16", Steel Plate)	Rolling Doors:Iron:SteelPlate16 	SteelPlate16 
Rolling Doors:Iron:SteelPlate18 (18" x 18" x 3/16", Steel Plate Set w/ 1-1/4" Bearing)	Rolling Doors:Iron:SteelPlate18 	SteelPlate18 
Rolling Doors:Iron:SteelPlate18 (18" x 18" x 3/16", Steel Plate Set w/ 1-1/4" Bearing)	Rolling Doors:Iron:SteelPlate18 	SteelPlate18 
Rolling Doors:Iron:SteelPlate18 (18" x 18" x 3/16", Steel Plate Set w/ 1-1/4" Bearing)	Rolling Doors:Iron:SteelPlate18 	SteelPlate18 
Rolling Doors:Iron:SteelPlate18 (18" x 18" x 3/16", Steel Plate Set w/ 1-1/4" Bearing)	Rolling Doors:Iron:SteelPlate18 	SteelPlate18 
Rolling Doors:Iron:SteelPlate18 (18" x 18" x 3/16", Steel Plate Set w/ 1-1/4" Bearing)	Rolling Doors:Iron:SteelPlate18 	SteelPlate18 
Rolling Doors:Iron:SteelPlate18 (18" x 18" x 3/16", Steel Plate Set w/ 1-1/4" Bearing)	Rolling Doors:Iron:SteelPlate18 	SteelPlate18 
Rolling Doors:Iron:SteelPlate18 (18" x 18" x 3/16", Steel Plate Set w/ 1-1/4" Bearing)	Rolling Doors:Iron:SteelPlate18 	SteelPlate18 
Rolling Doors:Iron:SteelPlate18 (18" x 18" x 3/16", Steel Plate Set w/ 1-1/4" Bearing)	Rolling Doors:Iron:SteelPlate18 	SteelPlate18 
Rolling Doors:Iron:SteelPlate18 (18" x 18" x 3/16", Steel Plate Set w/ 1-1/4" Bearing)	Rolling Doors:Iron:SteelPlate18 	SteelPlate18 
Rolling Doors:Iron:SteelPlate18 (18" x 18" x 3/16", Steel Plate Set w/ 1-1/4" Bearing)	Rolling Doors:Iron:SteelPlate18 	SteelPlate18 
Rolling Doors:Iron:SteelPlate18 (18" x 18" x 3/16", Steel Plate Set w/ 1-1/4" Bearing)	Rolling Doors:Iron:SteelPlate18 	SteelPlate18 
Rolling Doors:Iron:SteelPlate18 (18" x 18" x 3/16", Steel Plate Set w/ 1-1/4" Bearing)	Rolling Doors:Iron:SteelPlate18 	SteelPlate18 
Rolling Doors:Iron:SteelPlate18 (18" x 18" x 3/16", Steel Plate Set w/ 1-1/4" Bearing)	Rolling Doors:Iron:SteelPlate18 	SteelPlate18 
Rolling Doors:Iron:SteelPlate18 (18" x 18" x 3/16", Steel Plate Set w/ 1-1/4" Bearing)	Rolling Doors:Iron:SteelPlate18 	SteelPlate18 
Rolling Doors:Iron:SteelPlate18 (18" x 18" x 3/16", Steel Plate Set w/ 1-1/4" Bearing)	Rolling Doors:Iron:SteelPlate18 	SteelPlate18 
Rolling Doors:Iron:SteelPlate18 (18" x 18" x 3/16", Steel Plate Set w/ 1-1/4" Bearing)	Rolling Doors:Iron:SteelPlate18 	SteelPlate18 
Rolling Doors:Iron:SteelPlate18 (18" x 18" x 3/16", Steel Plate Set w/ 1-1/4" Bearing)	Rolling Doors:Iron:SteelPlate18 	SteelPlate18 
Rolling Doors:Iron:SteelPlate18 (18" x 18" x 3/16", Steel Plate Set w/ 1-1/4" Bearing)	Rolling Doors:Iron:SteelPlate18 	SteelPlate18 
Rolling Doors:Iron:SteelPlate18 (18" x 18" x 3/16", Steel Plate Set w/ 1-1/4" Bearing)	Rolling Doors:Iron:SteelPlate18 	SteelPlate18 
Rolling Doors:Iron:SteelPlate18 (18" x 18" x 3/16", Steel Plate Set w/ 1-1/4" Bearing)	Rolling Doors:Iron:SteelPlate18 	SteelPlate18 
Rolling Doors:Iron:SteelPlate6 (6" x 7" x 3/16" Steel Plate)	Rolling Doors:Iron:SteelPlate6 	SteelPlate6 
Rolling Doors:Iron:SteelPlate6 (6" x 7" x 3/16" Steel Plate)	Rolling Doors:Iron:SteelPlate6 	SteelPlate6 
Rolling Doors:Iron:SteelPlate6 (6" x 7" x 3/16" Steel Plate)	Rolling Doors:Iron:SteelPlate6 	SteelPlate6 
Rolling Doors:Iron:SteelPlate6 (6" x 7" x 3/16" Steel Plate)	Rolling Doors:Iron:SteelPlate6 	SteelPlate6 
Rolling Doors:Iron:SteelPlate6 (6" x 7" x 3/16" Steel Plate)	Rolling Doors:Iron:SteelPlate6 	SteelPlate6 
Rolling Doors:Iron:SteelPlate6 (6" x 7" x 3/16" Steel Plate)	Rolling Doors:Iron:SteelPlate6 	SteelPlate6 
Rolling Doors:Iron:SteelPlate6 (6" x 7" x 3/16" Steel Plate)	Rolling Doors:Iron:SteelPlate6 	SteelPlate6 
Rolling Doors:Iron:SteelPlate6 (6" x 7" x 3/16" Steel Plate)	Rolling Doors:Iron:SteelPlate6 	SteelPlate6 
Rolling Doors:Iron:SteelPlate6 (6" x 7" x 3/16" Steel Plate)	Rolling Doors:Iron:SteelPlate6 	SteelPlate6 
Rolling Doors:Iron:Washer0410 (4-1/8" OD x 1" Bore x 3/16" Thick, Washer)	Rolling Doors:Iron:Washer0410 	Washer0410 
Rolling Doors:Iron:Washer0410 (4-1/8" OD x 1" Bore x 3/16" Thick, Washer)	Rolling Doors:Iron:Washer0410 	Washer0410 
Rolling Doors:Iron:Washer0411 (4-1/8" OD x 1-1/4" Bore x 3/16" Thick, Washer)	Rolling Doors:Iron:Washer0411 	Washer0411 
Rolling Doors:Iron:Washer0611 (6-1/8" OD x 1-1/4" Bore x 3/16" Thick, Washer)	Rolling Doors:Iron:Washer0611 	Washer0611 
Rolling Doors:Iron:Washer0611 (6-1/8" OD x 1-1/4" Bore x 3/16" Thick, Washer)	Rolling Doors:Iron:Washer0611 	Washer0611 
Rolling Doors:Iron	Rolling Doors:Iron	Iron
Rolling Doors:Iron	Rolling Doors:Iron	Iron
Rolling Doors:Iron	Rolling Doors:Iron	Iron
Rolling Doors:Iron	Rolling Doors:Iron	Iron
Rolling Doors:Iron	Rolling Doors:Iron	Iron
Rolling Doors:Iron	Rolling Doors:Iron	Iron
Rolling Doors:Iron	Rolling Doors:Iron	Iron
Rolling Doors:Iron	Rolling Doors:Iron	Iron
Rolling Doors:Iron	Rolling Doors:Iron	Iron
Rolling Doors:Iron	Rolling Doors:Iron	Iron
Rolling Doors:Iron	Rolling Doors:Iron	Iron
Rolling Doors:Iron	Rolling Doors:Iron	Iron
Rolling Doors:Iron	Rolling Doors:Iron	Iron
Rolling Doors:Iron	Rolling Doors:Iron	Iron
Rolling Doors:Iron	Rolling Doors:Iron	Iron
Rolling Doors:Misc:Hasp Pin Set (Hasp Pin Set - Lolly Pop Lock)	Rolling Doors:Misc:Hasp Pin Set 	Hasp Pin Set 
Rolling Doors:Misc:Hasp Pin Set (Hasp Pin Set - Lolly Pop Lock)	Rolling Doors:Misc:Hasp Pin Set 	Hasp Pin Set 
Rolling Doors:Misc:Hasp Pin Set (Hasp Pin Set - Lolly Pop Lock)	Rolling Doors:Misc:Hasp Pin Set 	Hasp Pin Set 
Rolling Doors:Misc:SlideLock (Slide Bolt Lock)	Rolling Doors:Misc:SlideLock 	SlideLock 
Rolling Doors:Misc:SlideLock (Slide Bolt Lock)	Rolling Doors:Misc:SlideLock 	SlideLock 
Rolling Doors:Misc:SlideLock (Slide Bolt Lock)	Rolling Doors:Misc:SlideLock 	SlideLock 
Rolling Doors:Misc	Rolling Doors:Misc	Misc
Rolling Doors:MotorCover (Motor Cover)	Rolling Doors:MotorCover 	MotorCover 
Rolling Doors:Pipe4A (4-1/2" Pipe, .188 wall,42' PRICED BY FOOT ( please cut all pipe in half))	Rolling Doors:Pipe4A (4-1/2" Pipe, .188 wall,42' PRICED BY FOOT 	Pipe4A (4-1/2" Pipe, .188 wall,42' PRICED BY FOOT 
Rolling Doors:Pipe4A (4-1/2" Pipe, .188 wall,42' PRICED BY FOOT ( please cut all pipe in half))	Rolling Doors:Pipe4A (4-1/2" Pipe, .188 wall,42' PRICED BY FOOT 	Pipe4A (4-1/2" Pipe, .188 wall,42' PRICED BY FOOT 
Rolling Doors:Pipe4A (4-1/2" Pipe, .188 wall,42' PRICED BY FOOT ( please cut all pipe in half))	Rolling Doors:Pipe4A (4-1/2" Pipe, .188 wall,42' PRICED BY FOOT 	Pipe4A (4-1/2" Pipe, .188 wall,42' PRICED BY FOOT 
Rolling Doors:Pipe4A (4-1/2" Pipe, .188 wall,42' PRICED BY FOOT ( please cut all pipe in half))	Rolling Doors:Pipe4A (4-1/2" Pipe, .188 wall,42' PRICED BY FOOT 	Pipe4A (4-1/2" Pipe, .188 wall,42' PRICED BY FOOT 
Rolling Doors:Pipe4A (4-1/2" Pipe, .188 wall,42' PRICED BY FOOT ( please cut all pipe in half))	Rolling Doors:Pipe4A (4-1/2" Pipe, .188 wall,42' PRICED BY FOOT 	Pipe4A (4-1/2" Pipe, .188 wall,42' PRICED BY FOOT 
Rolling Doors:Pipe4A (4-1/2" Pipe, .188 wall,42' PRICED BY FOOT ( please cut all pipe in half))	Rolling Doors:Pipe4A (4-1/2" Pipe, .188 wall,42' PRICED BY FOOT 	Pipe4A (4-1/2" Pipe, .188 wall,42' PRICED BY FOOT 
Rolling Doors:Pipe4A (4-1/2" Pipe, .188 wall,42' PRICED BY FOOT ( please cut all pipe in half))	Rolling Doors:Pipe4A (4-1/2" Pipe, .188 wall,42' PRICED BY FOOT 	Pipe4A (4-1/2" Pipe, .188 wall,42' PRICED BY FOOT 
Rolling Doors:Pipe4A (4-1/2" Pipe, .188 wall,42' PRICED BY FOOT ( please cut all pipe in half))	Rolling Doors:Pipe4A (4-1/2" Pipe, .188 wall,42' PRICED BY FOOT 	Pipe4A (4-1/2" Pipe, .188 wall,42' PRICED BY FOOT 
Rolling Doors:Pipe4A (4-1/2" Pipe, .188 wall,42' PRICED BY FOOT ( please cut all pipe in half))	Rolling Doors:Pipe4A (4-1/2" Pipe, .188 wall,42' PRICED BY FOOT 	Pipe4A (4-1/2" Pipe, .188 wall,42' PRICED BY FOOT 
Rolling Doors:Pipe4A (4-1/2" Pipe, .188 wall,42' PRICED BY FOOT ( please cut all pipe in half))	Rolling Doors:Pipe4A (4-1/2" Pipe, .188 wall,42' PRICED BY FOOT 	Pipe4A (4-1/2" Pipe, .188 wall,42' PRICED BY FOOT 
Rolling Doors:Pipe4A (4-1/2" Pipe, .188 wall,42' PRICED BY FOOT ( please cut all pipe in half))	Rolling Doors:Pipe4A (4-1/2" Pipe, .188 wall,42' PRICED BY FOOT 	Pipe4A (4-1/2" Pipe, .188 wall,42' PRICED BY FOOT 
Rolling Doors:Pipe4A (4-1/2" Pipe, .188 wall,42' PRICED BY FOOT ( please cut all pipe in half))	Rolling Doors:Pipe4A (4-1/2" Pipe, .188 wall,42' PRICED BY FOOT 	Pipe4A (4-1/2" Pipe, .188 wall,42' PRICED BY FOOT 
Rolling Doors:Pipe4A (4-1/2" Pipe, .188 wall,42' PRICED BY FOOT ( please cut all pipe in half))	Rolling Doors:Pipe4A (4-1/2" Pipe, .188 wall,42' PRICED BY FOOT 	Pipe4A (4-1/2" Pipe, .188 wall,42' PRICED BY FOOT 
Rolling Doors:Pipe4A (4-1/2" Pipe, .188 wall,42' PRICED BY FOOT ( please cut all pipe in half))	Rolling Doors:Pipe4A (4-1/2" Pipe, .188 wall,42' PRICED BY FOOT 	Pipe4A (4-1/2" Pipe, .188 wall,42' PRICED BY FOOT 
Rolling Doors:Pipe4A (4-1/2" Pipe, .188 wall,42' PRICED BY FOOT ( please cut all pipe in half))	Rolling Doors:Pipe4A (4-1/2" Pipe, .188 wall,42' PRICED BY FOOT 	Pipe4A (4-1/2" Pipe, .188 wall,42' PRICED BY FOOT 
Rolling Doors:Pipe4A (4-1/2" Pipe, .188 wall,42' PRICED BY FOOT ( please cut all pipe in half))	Rolling Doors:Pipe4A (4-1/2" Pipe, .188 wall,42' PRICED BY FOOT 	Pipe4A (4-1/2" Pipe, .188 wall,42' PRICED BY FOOT 
Rolling Doors:Pipe4A (4-1/2" Pipe, .188 wall,42' PRICED BY FOOT ( please cut all pipe in half))	Rolling Doors:Pipe4A (4-1/2" Pipe, .188 wall,42' PRICED BY FOOT 	Pipe4A (4-1/2" Pipe, .188 wall,42' PRICED BY FOOT 
Rolling Doors:Pipe4A (4-1/2" Pipe, .188 wall,42' PRICED BY FOOT ( please cut all pipe in half))	Rolling Doors:Pipe4A (4-1/2" Pipe, .188 wall,42' PRICED BY FOOT 	Pipe4A (4-1/2" Pipe, .188 wall,42' PRICED BY FOOT 
Rolling Doors:Pipe4A (4-1/2" Pipe, .188 wall,42' PRICED BY FOOT ( please cut all pipe in half))	Rolling Doors:Pipe4A (4-1/2" Pipe, .188 wall,42' PRICED BY FOOT 	Pipe4A (4-1/2" Pipe, .188 wall,42' PRICED BY FOOT 
Rolling Doors:Pipe4A (4-1/2" Pipe, .188 wall,42' PRICED BY FOOT ( please cut all pipe in half))	Rolling Doors:Pipe4A (4-1/2" Pipe, .188 wall,42' PRICED BY FOOT 	Pipe4A (4-1/2" Pipe, .188 wall,42' PRICED BY FOOT 
Rolling Doors:Pipe4A (4-1/2" Pipe, .188 wall,42' PRICED BY FOOT ( please cut all pipe in half))	Rolling Doors:Pipe4A (4-1/2" Pipe, .188 wall,42' PRICED BY FOOT 	Pipe4A (4-1/2" Pipe, .188 wall,42' PRICED BY FOOT 
Rolling Doors:Pipe4A (4-1/2" Pipe, .188 wall,42' PRICED BY FOOT ( please cut all pipe in half))	Rolling Doors:Pipe4A (4-1/2" Pipe, .188 wall,42' PRICED BY FOOT 	Pipe4A (4-1/2" Pipe, .188 wall,42' PRICED BY FOOT 
Rolling Doors:Pipe4A (4-1/2" Pipe, .188 wall,42' PRICED BY FOOT ( please cut all pipe in half))	Rolling Doors:Pipe4A (4-1/2" Pipe, .188 wall,42' PRICED BY FOOT 	Pipe4A (4-1/2" Pipe, .188 wall,42' PRICED BY FOOT 
Rolling Doors:Pipe4A (4-1/2" Pipe, .188 wall,42' PRICED BY FOOT ( please cut all pipe in half))	Rolling Doors:Pipe4A (4-1/2" Pipe, .188 wall,42' PRICED BY FOOT 	Pipe4A (4-1/2" Pipe, .188 wall,42' PRICED BY FOOT 
Rolling Doors:Pipe4A (4-1/2" Pipe, .188 wall,42' PRICED BY FOOT ( please cut all pipe in half))	Rolling Doors:Pipe4A (4-1/2" Pipe, .188 wall,42' PRICED BY FOOT 	Pipe4A (4-1/2" Pipe, .188 wall,42' PRICED BY FOOT 
Rolling Doors:Pipe4A (4-1/2" Pipe, .188 wall,42' PRICED BY FOOT ( please cut all pipe in half))	Rolling Doors:Pipe4A (4-1/2" Pipe, .188 wall,42' PRICED BY FOOT 	Pipe4A (4-1/2" Pipe, .188 wall,42' PRICED BY FOOT 
Rolling Doors:Pipe4A (4-1/2" Pipe, .188 wall,42' PRICED BY FOOT ( please cut all pipe in half))	Rolling Doors:Pipe4A (4-1/2" Pipe, .188 wall,42' PRICED BY FOOT 	Pipe4A (4-1/2" Pipe, .188 wall,42' PRICED BY FOOT 
Rolling Doors:Pipe4A (4-1/2" Pipe, .188 wall,42' PRICED BY FOOT ( please cut all pipe in half))	Rolling Doors:Pipe4A (4-1/2" Pipe, .188 wall,42' PRICED BY FOOT 	Pipe4A (4-1/2" Pipe, .188 wall,42' PRICED BY FOOT 
Rolling Doors:Pipe4A (4-1/2" Pipe, .188 wall,42' PRICED BY FOOT ( please cut all pipe in half))	Rolling Doors:Pipe4A (4-1/2" Pipe, .188 wall,42' PRICED BY FOOT 	Pipe4A (4-1/2" Pipe, .188 wall,42' PRICED BY FOOT 
Rolling Doors:Pipe6A (6-5/8" Pipe, .188 wall,42' cut down to 21' PRICED BY FOOT)	Rolling Doors:Pipe6A 	Pipe6A 
Rolling Doors:Pipe6A (6-5/8" Pipe, .188 wall,42' cut down to 21' PRICED BY FOOT)	Rolling Doors:Pipe6A 	Pipe6A 
Rolling Doors:Pipe6A (6-5/8" Pipe, .188 wall,42' cut down to 21' PRICED BY FOOT)	Rolling Doors:Pipe6A 	Pipe6A 
Rolling Doors:Pipe6A (6-5/8" Pipe, .188 wall,42' cut down to 21' PRICED BY FOOT)	Rolling Doors:Pipe6A 	Pipe6A 
Rolling Doors:Pipe6A (6-5/8" Pipe, .188 wall,42' cut down to 21' PRICED BY FOOT)	Rolling Doors:Pipe6A 	Pipe6A 
Rolling Doors:Pipe6A (6-5/8" Pipe, .188 wall,42' cut down to 21' PRICED BY FOOT)	Rolling Doors:Pipe6A 	Pipe6A 
Rolling Doors:Pipe6A (6-5/8" Pipe, .188 wall,42' cut down to 21' PRICED BY FOOT)	Rolling Doors:Pipe6A 	Pipe6A 
Rolling Doors:Pipe6A (6-5/8" Pipe, .188 wall,42' cut down to 21' PRICED BY FOOT)	Rolling Doors:Pipe6A 	Pipe6A 
Rolling Doors:Pipe6A (6-5/8" Pipe, .188 wall,42' cut down to 21' PRICED BY FOOT)	Rolling Doors:Pipe6A 	Pipe6A 
Rolling Doors:Pipe6A (6-5/8" Pipe, .188 wall,42' cut down to 21' PRICED BY FOOT)	Rolling Doors:Pipe6A 	Pipe6A 
Rolling Doors:Pipe6A (6-5/8" Pipe, .188 wall,42' cut down to 21' PRICED BY FOOT)	Rolling Doors:Pipe6A 	Pipe6A 
Rolling Doors:Pipe6A (6-5/8" Pipe, .188 wall,42' cut down to 21' PRICED BY FOOT)	Rolling Doors:Pipe6A 	Pipe6A 
Rolling Doors:Pipe6A (6-5/8" Pipe, .188 wall,42' cut down to 21' PRICED BY FOOT)	Rolling Doors:Pipe6A 	Pipe6A 
Rolling Doors:Pipe6A (6-5/8" Pipe, .188 wall,42' cut down to 21' PRICED BY FOOT)	Rolling Doors:Pipe6A 	Pipe6A 
Rolling Doors:Pipe6A (6-5/8" Pipe, .188 wall,42' cut down to 21' PRICED BY FOOT)	Rolling Doors:Pipe6A 	Pipe6A 
Rolling Doors:Pipe6A (6-5/8" Pipe, .188 wall,42' cut down to 21' PRICED BY FOOT)	Rolling Doors:Pipe6A 	Pipe6A 
Rolling Doors:Pipe6A (6-5/8" Pipe, .188 wall,42' cut down to 21' PRICED BY FOOT)	Rolling Doors:Pipe6A 	Pipe6A 
Rolling Doors:RDRChain (Roller Chain 4 ft.)	Rolling Doors:RDRChain 	RDRChain 
Rolling Doors:RDRChain (Roller Chain 4 ft.)	Rolling Doors:RDRChain 	RDRChain 
Rolling Doors:RDRChain (Roller Chain 4 ft.)	Rolling Doors:RDRChain 	RDRChain 
Rolling Doors:RDRChain (Roller Chain 4 ft.)	Rolling Doors:RDRChain 	RDRChain 
Rolling Doors:RDRChain (Roller Chain 4 ft.)	Rolling Doors:RDRChain 	RDRChain 
Rolling Doors:RDRChain (Roller Chain 4 ft.)	Rolling Doors:RDRChain 	RDRChain 
Rolling Doors:RDRChain (Roller Chain 4 ft.)	Rolling Doors:RDRChain 	RDRChain 
Rolling Doors:RDRChainKit (RDR Basic Hand Chain Kit)	Rolling Doors:RDRChainKit 	RDRChainKit 
Rolling Doors:RDRChainKit (RDR Basic Hand Chain Kit)	Rolling Doors:RDRChainKit 	RDRChainKit 
Rolling Doors:RDRChainKit (RDR Basic Hand Chain Kit)	Rolling Doors:RDRChainKit 	RDRChainKit 
Rolling Doors:RDRChainKit (RDR Basic Hand Chain Kit)	Rolling Doors:RDRChainKit 	RDRChainKit 
Rolling Doors:RDRChainKit (RDR Basic Hand Chain Kit)	Rolling Doors:RDRChainKit 	RDRChainKit 
Rolling Doors:RDRChainKit (RDR Basic Hand Chain Kit)	Rolling Doors:RDRChainKit 	RDRChainKit 
Rolling Doors:RDRChainKit (RDR Basic Hand Chain Kit)	Rolling Doors:RDRChainKit 	RDRChainKit 
Rolling Doors:RDRChainKit (RDR Basic Hand Chain Kit)	Rolling Doors:RDRChainKit 	RDRChainKit 
Rolling Doors:RDRChainKit (RDR Basic Hand Chain Kit)	Rolling Doors:RDRChainKit 	RDRChainKit 
Rolling Doors:RDRChainKit (RDR Basic Hand Chain Kit)	Rolling Doors:RDRChainKit 	RDRChainKit 
Rolling Doors:SheetMetal:SMG42101 (Galvanized Sheets, 24 gauge, Gray Finish 48" x 102")	Rolling Doors:SheetMetal:SMG42101 	SMG42101 
Rolling Doors:SheetMetal:SMG42101 (Galvanized Sheets, 24 gauge, Gray Finish 48" x 102")	Rolling Doors:SheetMetal:SMG42101 	SMG42101 
Rolling Doors:SheetMetal:SMG42101 (Galvanized Sheets, 24 gauge, Gray Finish 48" x 102")	Rolling Doors:SheetMetal:SMG42101 	SMG42101 
Rolling Doors:SheetMetal:SMG48120 (Galvanized Sheets, 24 gauge, Gray Finish 48" x 114")	Rolling Doors:SheetMetal:SMG48120 	SMG48120 
Rolling Doors:SheetMetal:SMG48120 (Galvanized Sheets, 24 gauge, Gray Finish 48" x 114")	Rolling Doors:SheetMetal:SMG48120 	SMG48120 
Rolling Doors:SheetMetal:SMG48120 (Galvanized Sheets, 24 gauge, Gray Finish 48" x 114")	Rolling Doors:SheetMetal:SMG48120 	SMG48120 
Rolling Doors:SheetMetal:SMG48120 (Galvanized Sheets, 24 gauge, Gray Finish 48" x 114")	Rolling Doors:SheetMetal:SMG48120 	SMG48120 
Rolling Doors:SheetMetal	Rolling Doors:SheetMetal	SheetMetal
Rolling Doors:SheetMetal	Rolling Doors:SheetMetal	SheetMetal
Rolling Doors:SheetMetal	Rolling Doors:SheetMetal	SheetMetal
Rolling Doors:SheetMetal	Rolling Doors:SheetMetal	SheetMetal
Rolling Doors:SheetMetal	Rolling Doors:SheetMetal	SheetMetal
Rolling Doors:SheetMetal	Rolling Doors:SheetMetal	SheetMetal
Rolling Doors:SheetMetal	Rolling Doors:SheetMetal	SheetMetal
Rolling Doors:SheetMetal	Rolling Doors:SheetMetal	SheetMetal
Rolling Doors:SheetMetal	Rolling Doors:SheetMetal	SheetMetal
Rolling Doors:SheetMetal	Rolling Doors:SheetMetal	SheetMetal
Rolling Doors:SheetMetal	Rolling Doors:SheetMetal	SheetMetal
Rolling Doors:SheetMetal	Rolling Doors:SheetMetal	SheetMetal
Rolling Doors:SheetMetal	Rolling Doors:SheetMetal	SheetMetal
Rolling Doors:SheetMetal	Rolling Doors:SheetMetal	SheetMetal
Rolling Doors:SheetMetal	Rolling Doors:SheetMetal	SheetMetal
Rolling Doors:Slat Material:FeederSlat (Feeder Slat)	Rolling Doors:Slat Material:FeederSlat 	FeederSlat 
Rolling Doors:Slat Material:FeederSlat (Feeder Slat)	Rolling Doors:Slat Material:FeederSlat 	FeederSlat 
Rolling Doors:Slat Material:FeederSlat (Feeder Slat)	Rolling Doors:Slat Material:FeederSlat 	FeederSlat 
Rolling Doors:Slat Material:MCSlat25 (Slats, Mini Crown, 25' long)	Rolling Doors:Slat Material:MCSlat25 	MCSlat25 
Rolling Doors:Slat Material:MCSlat25 (Slats, Mini Crown, 25' long)	Rolling Doors:Slat Material:MCSlat25 	MCSlat25 
Rolling Doors:Slat Material:MCSlat25 (Slats, Mini Crown, 25' long)	Rolling Doors:Slat Material:MCSlat25 	MCSlat25 
Rolling Doors:Slat Material:MCSlat25 (Slats, Mini Crown, 25' long)	Rolling Doors:Slat Material:MCSlat25 	MCSlat25 
Rolling Doors:Slat Material:MCSlat25 (Slats, Mini Crown, 25' long)	Rolling Doors:Slat Material:MCSlat25 	MCSlat25 
Rolling Doors:Slat Material:MCSlat25 (Slats, Mini Crown, 25' long)	Rolling Doors:Slat Material:MCSlat25 	MCSlat25 
Rolling Doors:Slat Material	Rolling Doors:Slat Material	Slat Material
Rolling Doors:Springs:Spring187 (.187" x 2.75" OD x 20'0")	Rolling Doors:Springs:Spring187 	Spring187 
Rolling Doors:Springs:Spring187 (.187" x 2.75" OD x 20'0")	Rolling Doors:Springs:Spring187 	Spring187 
Rolling Doors:Springs:Spring250 (.250" x 2.75" OD x 20')	Rolling Doors:Springs:Spring250 	Spring250 
Rolling Doors:Springs:Spring250 (.250" x 2.75" OD x 20')	Rolling Doors:Springs:Spring250 	Spring250 
Rolling Doors:Springs:Spring312 (.312" x 2.75" OD x 20')	Rolling Doors:Springs:Spring312 	Spring312 
Rolling Doors:Springs:Spring312 (.312" x 2.75" OD x 20')	Rolling Doors:Springs:Spring312 	Spring312 
Rolling Doors:Springs:Spring312 (.312" x 2.75" OD x 20')	Rolling Doors:Springs:Spring312 	Spring312 
Rolling Doors:Springs:Spring312 (.312" x 2.75" OD x 20')	Rolling Doors:Springs:Spring312 	Spring312 
Rolling Doors:Springs:Spring3123 (.312" x 3.75" OD x 20')	Rolling Doors:Springs:Spring3123 	Spring3123 
Rolling Doors:Springs:Spring3753 (.375" x 3.75" OD x 20")	Rolling Doors:Springs:Spring3753 	Spring3753 
Rolling Doors:Springs:Spring3753 (.375" x 3.75" OD x 20")	Rolling Doors:Springs:Spring3753 	Spring3753 
Rolling Doors:Springs:Spring3753 (.375" x 3.75" OD x 20")	Rolling Doors:Springs:Spring3753 	Spring3753 
Rolling Doors:Springs:Spring3753 (.375" x 3.75" OD x 20")	Rolling Doors:Springs:Spring3753 	Spring3753 
Rolling Doors:Springs:Spring3753 (.375" x 3.75" OD x 20")	Rolling Doors:Springs:Spring3753 	Spring3753 
Rolling Doors:Springs:Spring3753 (.375" x 3.75" OD x 20")	Rolling Doors:Springs:Spring3753 	Spring3753 
Rolling Doors:Springs:Spring3753 (.375" x 3.75" OD x 20")	Rolling Doors:Springs:Spring3753 	Spring3753 
Rolling Doors:Springs:Spring4063 (.406" x 3.75" OD x 20')	Rolling Doors:Springs:Spring4063 	Spring4063 
Rolling Doors:Springs:Spring4063 (.406" x 3.75" OD x 20')	Rolling Doors:Springs:Spring4063 	Spring4063 
Rolling Doors:Springs:Spring4063 (.406" x 3.75" OD x 20')	Rolling Doors:Springs:Spring4063 	Spring4063 
Rolling Doors:Springs:Spring4063 (.406" x 3.75" OD x 20')	Rolling Doors:Springs:Spring4063 	Spring4063 
Rolling Doors:Springs:Spring4063 (.406" x 3.75" OD x 20')	Rolling Doors:Springs:Spring4063 	Spring4063 
Rolling Doors:Springs:Spring4063 (.406" x 3.75" OD x 20')	Rolling Doors:Springs:Spring4063 	Spring4063 
Rolling Doors:Springs:Spring4063 (.406" x 3.75" OD x 20')	Rolling Doors:Springs:Spring4063 	Spring4063 
Rolling Doors:Springs:Spring4063 (.406" x 3.75" OD x 20')	Rolling Doors:Springs:Spring4063 	Spring4063 
Rolling Doors:Springs:Spring4063 (.406" x 3.75" OD x 20')	Rolling Doors:Springs:Spring4063 	Spring4063 
Rolling Doors:Springs:Spring4063 (.406" x 3.75" OD x 20')	Rolling Doors:Springs:Spring4063 	Spring4063 
Rolling Doors:Springs:Spring4063 (.406" x 3.75" OD x 20')	Rolling Doors:Springs:Spring4063 	Spring4063 
Rolling Doors:Springs:Spring4063 (.406" x 3.75" OD x 20')	Rolling Doors:Springs:Spring4063 	Spring4063 
Rolling Doors:Springs:Spring4063 (.406" x 3.75" OD x 20')	Rolling Doors:Springs:Spring4063 	Spring4063 
Rolling Doors:Springs:Spring4373 (.437" x 3.75" OD x 20')	Rolling Doors:Springs:Spring4373 	Spring4373 
Rolling Doors:Springs:Spring4373 (.437" x 3.75" OD x 20')	Rolling Doors:Springs:Spring4373 	Spring4373 
Rolling Doors:Springs:Spring4373 (.437" x 3.75" OD x 20')	Rolling Doors:Springs:Spring4373 	Spring4373 
Rolling Doors:Springs:Spring4373 (.437" x 3.75" OD x 20')	Rolling Doors:Springs:Spring4373 	Spring4373 
Rolling Doors:Springs:Spring4373 (.437" x 3.75" OD x 20')	Rolling Doors:Springs:Spring4373 	Spring4373 
Rolling Doors:Springs:Spring4373 (.437" x 3.75" OD x 20')	Rolling Doors:Springs:Spring4373 	Spring4373 
Rolling Doors:Springs:Spring4373 (.437" x 3.75" OD x 20')	Rolling Doors:Springs:Spring4373 	Spring4373 
Rolling Doors:Springs:Spring4373 (.437" x 3.75" OD x 20')	Rolling Doors:Springs:Spring4373 	Spring4373 
Rolling Doors:Springs:Spring4373 (.437" x 3.75" OD x 20')	Rolling Doors:Springs:Spring4373 	Spring4373 
Rolling Doors:Springs:Spring4373 (.437" x 3.75" OD x 20')	Rolling Doors:Springs:Spring4373 	Spring4373 
Rolling Doors:Springs:Spring4373 (.437" x 3.75" OD x 20')	Rolling Doors:Springs:Spring4373 	Spring4373 
Rolling Doors:Springs:Spring4373 (.437" x 3.75" OD x 20')	Rolling Doors:Springs:Spring4373 	Spring4373 
Rolling Doors:Springs:Spring4373 (.437" x 3.75" OD x 20')	Rolling Doors:Springs:Spring4373 	Spring4373 
Rolling Doors:Springs:Spring4373 (.437" x 3.75" OD x 20')	Rolling Doors:Springs:Spring4373 	Spring4373 
Rolling Doors:Springs:Spring4683 (.468" x 3.75" OD x 20')	Rolling Doors:Springs:Spring4683 	Spring4683 
Rolling Doors:Springs:Spring4683 (.468" x 3.75" OD x 20')	Rolling Doors:Springs:Spring4683 	Spring4683 
Rolling Doors:Springs:Spring4683 (.468" x 3.75" OD x 20')	Rolling Doors:Springs:Spring4683 	Spring4683 
Rolling Doors:Springs:Spring4683 (.468" x 3.75" OD x 20')	Rolling Doors:Springs:Spring4683 	Spring4683 
Rolling Doors:Springs:Spring4683 (.468" x 3.75" OD x 20')	Rolling Doors:Springs:Spring4683 	Spring4683 
Rolling Doors:Springs:Spring4683 (.468" x 3.75" OD x 20')	Rolling Doors:Springs:Spring4683 	Spring4683 
Rolling Doors:Springs:Spring4683 (.468" x 3.75" OD x 20')	Rolling Doors:Springs:Spring4683 	Spring4683 
Rolling Doors:Springs:Spring4683 (.468" x 3.75" OD x 20')	Rolling Doors:Springs:Spring4683 	Spring4683 
Rolling Doors:Springs:Spring4683 (.468" x 3.75" OD x 20')	Rolling Doors:Springs:Spring4683 	Spring4683 
Rolling Doors:Springs:Spring4683 (.468" x 3.75" OD x 20')	Rolling Doors:Springs:Spring4683 	Spring4683 
Rolling Doors:Springs:Spring4683 (.468" x 3.75" OD x 20')	Rolling Doors:Springs:Spring4683 	Spring4683 
Rolling Doors:Springs:Spring4683 (.468" x 3.75" OD x 20')	Rolling Doors:Springs:Spring4683 	Spring4683 
Rolling Doors:Springs:Spring4683 (.468" x 3.75" OD x 20')	Rolling Doors:Springs:Spring4683 	Spring4683 
Rolling Doors:Springs:Spring4685 (.468" x 5.75" OD x 20')	Rolling Doors:Springs:Spring4685 	Spring4685 
Rolling Doors:Springs:Spring4685 (.468" x 5.75" OD x 20')	Rolling Doors:Springs:Spring4685 	Spring4685 
Rolling Doors:Springs:Spring4685 (.468" x 5.75" OD x 20')	Rolling Doors:Springs:Spring4685 	Spring4685 
Rolling Doors:Springs:Spring4685 (.468" x 5.75" OD x 20')	Rolling Doors:Springs:Spring4685 	Spring4685 
Rolling Doors:Springs:Spring4685 (.468" x 5.75" OD x 20')	Rolling Doors:Springs:Spring4685 	Spring4685 
Rolling Doors:Springs:Spring55 (.5" x 5.75" OD x 20')	Rolling Doors:Springs:Spring55 	Spring55 
Rolling Doors:Springs:Spring55 (.5" x 5.75" OD x 20')	Rolling Doors:Springs:Spring55 	Spring55 
Rolling Doors:Springs:Spring55 (.5" x 5.75" OD x 20')	Rolling Doors:Springs:Spring55 	Spring55 
Rolling Doors:Springs:Spring55 (.5" x 5.75" OD x 20')	Rolling Doors:Springs:Spring55 	Spring55 
Rolling Doors:Springs:Spring55 (.5" x 5.75" OD x 20')	Rolling Doors:Springs:Spring55 	Spring55 
Rolling Doors:Springs:Spring55 (.5" x 5.75" OD x 20')	Rolling Doors:Springs:Spring55 	Spring55 
Rolling Doors:Springs:Spring55 (.5" x 5.75" OD x 20')	Rolling Doors:Springs:Spring55 	Spring55 
Rolling Doors:Springs:Spring55 (.5" x 5.75" OD x 20')	Rolling Doors:Springs:Spring55 	Spring55 
Rolling Doors:Springs:Spring55 (.5" x 5.75" OD x 20')	Rolling Doors:Springs:Spring55 	Spring55 
Rolling Doors:Springs	Rolling Doors:Springs	Springs
Rolling Doors:Springs	Rolling Doors:Springs	Springs
Rolling Doors:Springs	Rolling Doors:Springs	Springs
Rolling Doors:Springs	Rolling Doors:Springs	Springs
Rolling Doors:Springs	Rolling Doors:Springs	Springs
Rolling Doors:Springs	Rolling Doors:Springs	Springs
Rolling Doors:Springs	Rolling Doors:Springs	Springs
Rolling Doors:Springs	Rolling Doors:Springs	Springs
Rolling Doors:Springs	Rolling Doors:Springs	Springs
Rolling Doors:Springs	Rolling Doors:Springs	Springs
Rolling Doors:Springs	Rolling Doors:Springs	Springs
Rolling Doors:Springs	Rolling Doors:Springs	Springs
Rolling Doors:Springs	Rolling Doors:Springs	Springs
Rolling Doors:Springs	Rolling Doors:Springs	Springs
Rolling Doors:Springs	Rolling Doors:Springs	Springs
Rolling Doors:Springs	Rolling Doors:Springs	Springs
Rolling Doors:Springs	Rolling Doors:Springs	Springs
Rolling Doors:Springs	Rolling Doors:Springs	Springs
Rolling Doors:Springs	Rolling Doors:Springs	Springs
Rolling Doors:Springs	Rolling Doors:Springs	Springs
Rolling Doors:Springs	Rolling Doors:Springs	Springs
Rolling Doors:Springs	Rolling Doors:Springs	Springs
Rolling Doors:Springs	Rolling Doors:Springs	Springs
Rolling Doors:Springs	Rolling Doors:Springs	Springs
Rolling Doors:Springs	Rolling Doors:Springs	Springs
Rolling Doors:Springs	Rolling Doors:Springs	Springs
Rolling Doors:Springs	Rolling Doors:Springs	Springs
Rolling Doors:Springs	Rolling Doors:Springs	Springs
Rolling Doors:Springs	Rolling Doors:Springs	Springs
Rolling Doors:Springs	Rolling Doors:Springs	Springs
Rolling Doors:Springs	Rolling Doors:Springs	Springs
Rolling Doors:Springs	Rolling Doors:Springs	Springs
Rolling Doors:Springs	Rolling Doors:Springs	Springs
Rolling Doors:Springs	Rolling Doors:Springs	Springs
Rolling Doors:Springs	Rolling Doors:Springs	Springs
Rolling Doors:Springs	Rolling Doors:Springs	Springs
Rolling Doors:Springs	Rolling Doors:Springs	Springs
Rolling Doors:Springs	Rolling Doors:Springs	Springs
Rolling Doors:Springs	Rolling Doors:Springs	Springs
Rolling Doors:Springs	Rolling Doors:Springs	Springs
Rolling Doors	Rolling Doors	Rolling Doors
Sectional Doors:ADPRAIL10 (Adaptor Rail, 10'2")	Sectional Doors:ADPRAIL10 	ADPRAIL10 
Sectional Doors:ADPRAIL12 (Adaptor Rail, 12'2")	Sectional Doors:ADPRAIL12 	ADPRAIL12 
Sectional Doors:BackPanel53 (Steel Cover Back Panel, 53" x 23-1/2")	Sectional Doors:BackPanel53 	BackPanel53 
Sectional Doors:BackPanel53 (Steel Cover Back Panel, 53" x 23-1/2")	Sectional Doors:BackPanel53 	BackPanel53 
Sectional Doors:BackPanel53 (Steel Cover Back Panel, 53" x 23-1/2")	Sectional Doors:BackPanel53 	BackPanel53 
Sectional Doors:BackPanel53 (Steel Cover Back Panel, 53" x 23-1/2")	Sectional Doors:BackPanel53 	BackPanel53 
Sectional Doors:IFoam23 (Insulating Foam 1-1/16" x 23-1/2" x 96")	Sectional Doors:IFoam23 	IFoam23 
Sectional Doors:IFoam23 (Insulating Foam 1-1/16" x 23-1/2" x 96")	Sectional Doors:IFoam23 	IFoam23 
Sectional Doors:IFoam6 (Insulating Foam 3/8" x 6-1/4" x 96")	Sectional Doors:IFoam6 	IFoam6 
Sectional Doors:IFoam6 (Insulating Foam 3/8" x 6-1/4" x 96")	Sectional Doors:IFoam6 	IFoam6 
Sectional Doors:IFoam9 (Insulating Foam 3/8" x 9-1/4" x 96")	Sectional Doors:IFoam9 	IFoam9 
Sectional Doors:IFoam9 (Insulating Foam 3/8" x 9-1/4" x 96")	Sectional Doors:IFoam9 	IFoam9 
Sectional Doors:IRetainer (Insulation Retainer Clips)	Sectional Doors:IRetainer 	IRetainer 
Sectional Doors:MullCtr21 (Center Mullion, 21")	Sectional Doors:MullCtr21 	MullCtr21 
Sectional Doors:MullCtr21 (Center Mullion, 21")	Sectional Doors:MullCtr21 	MullCtr21 
Sectional Doors:MullCtr24 (Center Mullion, 24")	Sectional Doors:MullCtr24 	MullCtr24 
Sectional Doors:MullCtr24 (Center Mullion, 24")	Sectional Doors:MullCtr24 	MullCtr24 
Sectional Doors:MullCtr24 (Center Mullion, 24")	Sectional Doors:MullCtr24 	MullCtr24 
Sectional Doors:MullCtr24 (Center Mullion, 24")	Sectional Doors:MullCtr24 	MullCtr24 
Sectional Doors:MullCtr24 (Center Mullion, 24")	Sectional Doors:MullCtr24 	MullCtr24 
Sectional Doors:MullCtr24 (Center Mullion, 24")	Sectional Doors:MullCtr24 	MullCtr24 
Sectional Doors:MullCtr24 (Center Mullion, 24")	Sectional Doors:MullCtr24 	MullCtr24 
Sectional Doors:MullCtr24 (Center Mullion, 24")	Sectional Doors:MullCtr24 	MullCtr24 
Sectional Doors:MullCtr24 (Center Mullion, 24")	Sectional Doors:MullCtr24 	MullCtr24 
Sectional Doors:MullCtr24 (Center Mullion, 24")	Sectional Doors:MullCtr24 	MullCtr24 
Sectional Doors:MullCtr24 (Center Mullion, 24")	Sectional Doors:MullCtr24 	MullCtr24 
Sectional Doors:MullEnd21L (End Mullion, 21", Left)	Sectional Doors:MullEnd21L 	MullEnd21L 
Sectional Doors:MullEnd21L (End Mullion, 21", Left)	Sectional Doors:MullEnd21L 	MullEnd21L 
Sectional Doors:MullEnd21R (End Mullion, 21", Right)	Sectional Doors:MullEnd21R 	MullEnd21R 
Sectional Doors:MullEnd21R (End Mullion, 21", Right)	Sectional Doors:MullEnd21R 	MullEnd21R 
Sectional Doors:MullEnd24L (End Mullion, 24", Left)	Sectional Doors:MullEnd24L 	MullEnd24L 
Sectional Doors:MullEnd24L (End Mullion, 24", Left)	Sectional Doors:MullEnd24L 	MullEnd24L 
Sectional Doors:MullEnd24L (End Mullion, 24", Left)	Sectional Doors:MullEnd24L 	MullEnd24L 
Sectional Doors:MullEnd24L (End Mullion, 24", Left)	Sectional Doors:MullEnd24L 	MullEnd24L 
Sectional Doors:MullEnd24L (End Mullion, 24", Left)	Sectional Doors:MullEnd24L 	MullEnd24L 
Sectional Doors:MullEnd24L (End Mullion, 24", Left)	Sectional Doors:MullEnd24L 	MullEnd24L 
Sectional Doors:MullEnd24L (End Mullion, 24", Left)	Sectional Doors:MullEnd24L 	MullEnd24L 
Sectional Doors:MullEnd24L (End Mullion, 24", Left)	Sectional Doors:MullEnd24L 	MullEnd24L 
Sectional Doors:MullEnd24R (End Mullion, 24", Right)	Sectional Doors:MullEnd24R 	MullEnd24R 
Sectional Doors:MullEnd24R (End Mullion, 24", Right)	Sectional Doors:MullEnd24R 	MullEnd24R 
Sectional Doors:MullEnd24R (End Mullion, 24", Right)	Sectional Doors:MullEnd24R 	MullEnd24R 
Sectional Doors:MullEnd24R (End Mullion, 24", Right)	Sectional Doors:MullEnd24R 	MullEnd24R 
Sectional Doors:MullEnd24R (End Mullion, 24", Right)	Sectional Doors:MullEnd24R 	MullEnd24R 
Sectional Doors:MullEnd24R (End Mullion, 24", Right)	Sectional Doors:MullEnd24R 	MullEnd24R 
Sectional Doors:Pans:PAN080W24 (8' x 24" Pan, 24 Gauge, White)	Sectional Doors:Pans:PAN080W24 	PAN080W24 
Sectional Doors:Pans:PAN080W24 (8' x 24" Pan, 24 Gauge, White)	Sectional Doors:Pans:PAN080W24 	PAN080W24 
Sectional Doors:Pans:PAN080W24 (8' x 24" Pan, 24 Gauge, White)	Sectional Doors:Pans:PAN080W24 	PAN080W24 
Sectional Doors:Pans:PAN082W24 (8' 2" x 24" Pan, 24 Gauge, White)	Sectional Doors:Pans:PAN082W24 	PAN082W24 
Sectional Doors:Pans:PAN082W24 (8' 2" x 24" Pan, 24 Gauge, White)	Sectional Doors:Pans:PAN082W24 	PAN082W24 
Sectional Doors:Pans:PAN082W24 (8' 2" x 24" Pan, 24 Gauge, White)	Sectional Doors:Pans:PAN082W24 	PAN082W24 
Sectional Doors:Pans:PAN082W24 (8' 2" x 24" Pan, 24 Gauge, White)	Sectional Doors:Pans:PAN082W24 	PAN082W24 
Sectional Doors:Pans:PAN082W24 (8' 2" x 24" Pan, 24 Gauge, White)	Sectional Doors:Pans:PAN082W24 	PAN082W24 
Sectional Doors:Pans:PAN082W24 (8' 2" x 24" Pan, 24 Gauge, White)	Sectional Doors:Pans:PAN082W24 	PAN082W24 
Sectional Doors:Pans:PAN082W24 (8' 2" x 24" Pan, 24 Gauge, White)	Sectional Doors:Pans:PAN082W24 	PAN082W24 
Sectional Doors:Pans:PAN082W24 (8' 2" x 24" Pan, 24 Gauge, White)	Sectional Doors:Pans:PAN082W24 	PAN082W24 
Sectional Doors:Pans:PAN090W24 (9'0 x 24" Pan, 24 Gauge)	Sectional Doors:Pans:PAN090W24 	PAN090W24 
Sectional Doors:Pans:PAN100W24 (10' 0" x 24" Pan, 24 Gauge, White)	Sectional Doors:Pans:PAN100W24 	PAN100W24 
Sectional Doors:Pans:PAN100W24 (10' 0" x 24" Pan, 24 Gauge, White)	Sectional Doors:Pans:PAN100W24 	PAN100W24 
Sectional Doors:Pans:PAN100W24 (10' 0" x 24" Pan, 24 Gauge, White)	Sectional Doors:Pans:PAN100W24 	PAN100W24 
Sectional Doors:Pans:PAN102B24 (10' 2" x 24" Pan, 24 Gauge, Brown)	Sectional Doors:Pans:PAN102B24 	PAN102B24 
Sectional Doors:Pans:PAN102B24 (10' 2" x 24" Pan, 24 Gauge, Brown)	Sectional Doors:Pans:PAN102B24 	PAN102B24 
Sectional Doors:Pans:PAN102W24 (10' 2" x 24" Pan, 24 Gauge, White)	Sectional Doors:Pans:PAN102W24 	PAN102W24 
Sectional Doors:Pans:PAN102W24 (10' 2" x 24" Pan, 24 Gauge, White)	Sectional Doors:Pans:PAN102W24 	PAN102W24 
Sectional Doors:Pans:PAN102W24 (10' 2" x 24" Pan, 24 Gauge, White)	Sectional Doors:Pans:PAN102W24 	PAN102W24 
Sectional Doors:Pans:PAN120W24 (12' 0" x 24" Pan, 24 Gauge, White)	Sectional Doors:Pans:PAN120W24 	PAN120W24 
Sectional Doors:Pans:PAN120W24 (12' 0" x 24" Pan, 24 Gauge, White)	Sectional Doors:Pans:PAN120W24 	PAN120W24 
Sectional Doors:Pans:PAN120W24 (12' 0" x 24" Pan, 24 Gauge, White)	Sectional Doors:Pans:PAN120W24 	PAN120W24 
Sectional Doors:Pans:PAN122W24 (12' 2" x 24" Pan, 24 Gauge, White)	Sectional Doors:Pans:PAN122W24 	PAN122W24 
Sectional Doors:Pans:PAN122W24 (12' 2" x 24" Pan, 24 Gauge, White)	Sectional Doors:Pans:PAN122W24 	PAN122W24 
Sectional Doors:Pans:PAN122W24 (12' 2" x 24" Pan, 24 Gauge, White)	Sectional Doors:Pans:PAN122W24 	PAN122W24 
Sectional Doors:Pans:PAN122W24 (12' 2" x 24" Pan, 24 Gauge, White)	Sectional Doors:Pans:PAN122W24 	PAN122W24 
Sectional Doors:Pans:PAN122W24 (12' 2" x 24" Pan, 24 Gauge, White)	Sectional Doors:Pans:PAN122W24 	PAN122W24 
Sectional Doors:Pans:PAN122W24 (12' 2" x 24" Pan, 24 Gauge, White)	Sectional Doors:Pans:PAN122W24 	PAN122W24 
Sectional Doors:Pans:PAN140W24 (14' 0" x 24" Pan, 24 Gauge, White)	Sectional Doors:Pans:PAN140W24 	PAN140W24 
Sectional Doors:Pans:PAN140W24 (14' 0" x 24" Pan, 24 Gauge, White)	Sectional Doors:Pans:PAN140W24 	PAN140W24 
Sectional Doors:Pans:PAN142W21 (14' 2" x 21" Pan, 24 Gauge, White)	Sectional Doors:Pans:PAN142W21 	PAN142W21 
Sectional Doors:Pans:PAN142W24 (14' 2" x 24" Pan, 24 Gauge, White)	Sectional Doors:Pans:PAN142W24 	PAN142W24 
Sectional Doors:Pans:PAN142W24 (14' 2" x 24" Pan, 24 Gauge, White)	Sectional Doors:Pans:PAN142W24 	PAN142W24 
Sectional Doors:Pans:PAN162W24 (16' 2" x 24" Pan, 24 Gauge, White)	Sectional Doors:Pans:PAN162W24 	PAN162W24 
Sectional Doors:Pans	Sectional Doors:Pans	Pans
Sectional Doors:Pans	Sectional Doors:Pans	Pans
Sectional Doors:Pans	Sectional Doors:Pans	Pans
Sectional Doors:Pans	Sectional Doors:Pans	Pans
Sectional Doors:Pans	Sectional Doors:Pans	Pans
Sectional Doors:Pans	Sectional Doors:Pans	Pans
Sectional Doors:Pans	Sectional Doors:Pans	Pans
Sectional Doors:Pans	Sectional Doors:Pans	Pans
Sectional Doors:Pans	Sectional Doors:Pans	Pans
Sectional Doors:Pans	Sectional Doors:Pans	Pans
Sectional Doors:Pans	Sectional Doors:Pans	Pans
Sectional Doors:Pans	Sectional Doors:Pans	Pans
Sectional Doors:Pans	Sectional Doors:Pans	Pans
Sectional Doors:Pans	Sectional Doors:Pans	Pans
Sectional Doors:Pans	Sectional Doors:Pans	Pans
Sectional Doors:Pans	Sectional Doors:Pans	Pans
Sectional Doors:Pans	Sectional Doors:Pans	Pans
Sectional Doors:Pans	Sectional Doors:Pans	Pans
Sectional Doors:Pans	Sectional Doors:Pans	Pans
Sectional Doors:Pans	Sectional Doors:Pans	Pans
Sectional Doors:Pans	Sectional Doors:Pans	Pans
Sectional Doors:Pans	Sectional Doors:Pans	Pans
Sectional Doors:RA10 (Bottom Rubber Retainer Angle 9'5")	Sectional Doors:RA10 	RA10 
Sectional Doors:SHAFTS1-11-K (1" Solid Shaft, Keyed, 11')	Sectional Doors:SHAFTS1-11-K 	SHAFTS1-11-K 
Sectional Doors:SHAFTS1-11-K (1" Solid Shaft, Keyed, 11')	Sectional Doors:SHAFTS1-11-K 	SHAFTS1-11-K 
Sectional Doors:Strut3 (3" x 20'2" Strut)	Sectional Doors:Strut3 	Strut3 
Sectional Doors:Track2-15 (2" Track - 15'11")	Sectional Doors:Track2-15 	Track2-15 
Sectional Doors:Track2-15 (2" Track - 15'11")	Sectional Doors:Track2-15 	Track2-15 
Sectional Doors	Sectional Doors	Sectional Doors
Sectional Doors	Sectional Doors	Sectional Doors
Sectional Doors	Sectional Doors	Sectional Doors
Sectional Doors	Sectional Doors	Sectional Doors
Sectional Doors	Sectional Doors	Sectional Doors
Sectional Doors	Sectional Doors	Sectional Doors
Sectional Doors	Sectional Doors	Sectional Doors
Sectional Doors	Sectional Doors	Sectional Doors
Sectional Doors	Sectional Doors	Sectional Doors
Sectional Doors	Sectional Doors	Sectional Doors
Shipping	Shipping	Shipping
Shipping	Shipping	Shipping
Shipping	Shipping	Shipping
Shipping	Shipping	Shipping
Shipping	Shipping	Shipping
Shipping	Shipping	Shipping
Shipping	Shipping	Shipping
Shipping	Shipping	Shipping
Shipping	Shipping	Shipping
Shipping	Shipping	Shipping
Shipping	Shipping	Shipping
Shipping	Shipping	Shipping
Shipping	Shipping	Shipping
Shipping	Shipping	Shipping
Shipping	Shipping	Shipping
Shipping	Shipping	Shipping
Shipping	Shipping	Shipping
Shipping	Shipping	Shipping
Shipping	Shipping	Shipping
Shipping	Shipping	Shipping
Shipping	Shipping	Shipping
Shipping	Shipping	Shipping
Shipping	Shipping	Shipping
Shipping	Shipping	Shipping
Shipping	Shipping	Shipping
Shipping	Shipping	Shipping
Shipping	Shipping	Shipping
Shipping	Shipping	Shipping
Shipping	Shipping	Shipping
Shipping	Shipping	Shipping
Shipping	Shipping	Shipping
Shipping	Shipping	Shipping
Shipping	Shipping	Shipping
Shipping	Shipping	Shipping
Shipping	Shipping	Shipping
Shipping	Shipping	Shipping
Shipping	Shipping	Shipping
Shipping	Shipping	Shipping
Shipping	Shipping	Shipping
Shipping	Shipping	Shipping
Shipping	Shipping	Shipping
Shipping	Shipping	Shipping
Shipping	Shipping	Shipping
Shipping	Shipping	Shipping
Shipping	Shipping	Shipping
Freight In (Freight In)	Freight In 	Freight In 
Freight In (Freight In)	Freight In 	Freight In 
Rolling Door Add	Rolling Door Add	Rolling Door Add
